<?xml version="1.0" encoding="UTF-8"?>
<html xmlns="http://www.w3.org/1999/xhtml"
    xmlns:ev="http://www.w3.org/2001/xml-events"
    xmlns:w2="http://www.inswave.com/websquare" xmlns:xf="http://www.w3.org/2002/xforms">
    <head>
        <w2:type>COMPONENT</w2:type>
        <w2:buildDate/>
        <w2:MSA/>
        <xf:model>
            <w2:dataCollection baseNode="map">
            	<w2:dataList baseNode="list" repeatNode="map" id="dataList1" saveRemovedData="true">
            		<w2:columnInfo>
            			<w2:column id="col1" name="구분" dataType="text"></w2:column>
            			<w2:column id="col2" name="인증회원" dataType="number"></w2:column>
            			<w2:column id="col3" name="일반회원" dataType="number"></w2:column>
            		</w2:columnInfo>
            		<w2:data use="true">
            			<w2:row>
            				<col2><![CDATA[285]]></col2>
            				<col3><![CDATA[122]]></col3>
            			</w2:row>
            		</w2:data>
            	</w2:dataList>
            	<w2:dataList baseNode="list" repeatNode="map" id="dataList2" saveRemovedData="true">
            		<w2:columnInfo>
            			<w2:column id="col1" name="name1" dataType="text"></w2:column>
            			<w2:column id="col2" name="name2" dataType="number"></w2:column>
            		</w2:columnInfo>
            		<w2:data use="true">
            			<w2:row>
            				<col1><![CDATA[민원(온라인)]]></col1>
            				<col2><![CDATA[18]]></col2>
            			</w2:row>
            			<w2:row>
            				<col1><![CDATA[민원(방문예약)]]></col1>
            				<col2><![CDATA[8]]></col2>
            			</w2:row>
            			<w2:row>
            				<col1><![CDATA[제증명(온라인)]]></col1>
            				<col2><![CDATA[20]]></col2>
            			</w2:row>
            			<w2:row>
            				<col1><![CDATA[제증명(방문예약)]]></col1>
            				<col2><![CDATA[38]]></col2>
            			</w2:row>
            		</w2:data>
            	</w2:dataList>
            	<w2:dataList baseNode="list" repeatNode="map" id="dataList3" saveRemovedData="true">
            		<w2:columnInfo>
            			<w2:column id="col1" name="구분" dataType="text"></w2:column>
            			<w2:column id="col2" name="name2" dataType="number"></w2:column>
            		</w2:columnInfo>
            		<w2:data use="true">
            			<w2:row>
            				<col1><![CDATA[경찰]]></col1>
            				<col2><![CDATA[1700]]></col2>
            			</w2:row>
            			<w2:row>
            				<col1><![CDATA[해양경찰]]></col1>
            				<col2><![CDATA[2300]]></col2>
            			</w2:row>
            			<w2:row>
            				<col1><![CDATA[검찰]]></col1>
            				<col2><![CDATA[2300]]></col2>
            			</w2:row>
            			<w2:row>
            				<col1><![CDATA[법원]]></col1>
            				<col2><![CDATA[200]]></col2>
            			</w2:row>
            			<w2:row>
            				<col1><![CDATA[법무부]]></col1>
            				<col2><![CDATA[150]]></col2>
            			</w2:row>
            		</w2:data>
            	</w2:dataList>
            	<w2:dataList baseNode="list" repeatNode="map" id="dataList4" saveRemovedData="true">
            		<w2:columnInfo>
            			<w2:column id="col1" name="구분" dataType="text"></w2:column>
            			<w2:column id="col2" name="name2" dataType="number"></w2:column>
            		</w2:columnInfo>
            		<w2:data use="true">
            			<w2:row>
            				<col1><![CDATA[형사사법<br>포털]]></col1>
            				<col2><![CDATA[25]]></col2>
            			</w2:row>
            			<w2:row>
            				<col1><![CDATA[범죄피해자<br>지원포털]]></col1>
            				<col2><![CDATA[20]]></col2>
            			</w2:row>
            		</w2:data>
            	</w2:dataList>
            	<w2:dataList baseNode="list" repeatNode="map" id="dataList5" saveRemovedData="true">
            		<w2:columnInfo>
            			<w2:column id="col1" name="구분" dataType="text"></w2:column>
            			<w2:column id="col2" name="합계" dataType="number"></w2:column>
            			<w2:column id="col3" name="웹" dataType="number"></w2:column>
            			<w2:column id="col4" name="모바일웹" dataType="number"></w2:column>
            			<w2:column id="col5" name="모바일앱" dataType="number"></w2:column>
            		</w2:columnInfo>
            		<w2:data use="true">
            			<w2:row>
            				<col1><![CDATA[1/15~1/21]]></col1>
            				<col2><![CDATA[11756]]></col2>
            				<col3><![CDATA[6788]]></col3>
            				<col4><![CDATA[3768]]></col4>
            				<col5><![CDATA[1200]]></col5>
            			</w2:row>
            			<w2:row>
            				<col1><![CDATA[1/22~1/28]]></col1>
            				<col2><![CDATA[12292]]></col2>
            				<col3><![CDATA[7297]]></col3>
            				<col4><![CDATA[4045]]></col4>
            				<col5><![CDATA[950]]></col5>
            			</w2:row>
            			<w2:row>
            				<col1><![CDATA[1/29~2/4]]></col1>
            				<col2><![CDATA[10783]]></col2>
            				<col3><![CDATA[5958]]></col3>
            				<col4><![CDATA[5355]]></col4>
            				<col5><![CDATA[1600]]></col5>
            			</w2:row>
            			<w2:row>
            				<col1><![CDATA[2/5~2/11]]></col1>
            				<col2><![CDATA[11146]]></col2>
            				<col3><![CDATA[6408]]></col3>
            				<col4><![CDATA[3588]]></col4>
            				<col5><![CDATA[1150]]></col5>
            			</w2:row>
            		</w2:data>
            	</w2:dataList>
            </w2:dataCollection>
            <w2:workflowCollection/>
        </xf:model>
        <w2:layoutInfo/>
        <w2:publicInfo method=""/>
        <script lazy="false" type="text/javascript"><![CDATA[
scwin.onpageload = function() {
	var option1={
        "showBorder":"0",
        "legendBorderColor":"#e1e1e1",//범례
        "legendShadow":"0",
        "stack100percent":"1",
        "showValues":"1",//그래프 값
        "valueFontColor":"#ffffff",
        "valueBorderColor":"#ffffff",
        "valueBorderPadding":"3",
        "tooltipBorderColor":"#e1e1e1",
        "showTooltipShadow":"1",
        "plotToolText":"$seriesName: $value명",
        "decimals":"0" //소수점 수
    }
    chart1.setChartAttribute(option1);
    chart1.draw();

    var option2={
        "showBorder":"0",
        "showLegend":"1",//범례 노출여부
        "legendPosition":"right",
        "legendBorderThickness":"0",
        "tooltipBorderColor":"#e1e1e1",
        "plotToolText":"$label: $value명",
    }
    chart2.setChartAttribute(option2);
    chart2.draw();

     var option3={
        "showBorder":"0",
        "showValues":"1",//그래프 값
        "tooltipBorderColor":"#e1e1e1",
        "showTooltipShadow":"1",
        "plotToolText":"$label: $value건",
        "rotateValues":"0"
     }
    chart3.setChartAttribute(option3);
    chart3.draw();

    var option4={
        "showBorder":"0",
        "plotSpacePercent":"60",
        "showValues":"1",//그래프 값
        "valueFontColor":"#ffffff",
        "valueBorderColor":"#ffffff",
        "valueBorderPadding":"3",
        "placeValuesInside":"1",
        "tooltipBorderColor":"#e1e1e1",
        "plotToolText":"$label: $value건",
    }
    chart4.setChartAttribute(option4);
    chart4.draw();

    var option5={
        "showBorder":"0",
        "legendBorderColor":"#e1e1e1",
        "legendShadow":"0",
        "showValues":"1",//그래프 값
        "valueFontSize":"10",
        /*"valuePosition":"AUTO", value위치 옵션, ABOVE(위), BELLOW(아래), AUTO(자동) */
        "drawCrossLine":"1",
        "crossLineColor":"#808080",
        "tooltipBordercolor":"#e1e1e1",
        "showTooltipShadow":"1",
        "plotToolText":"<div class='plottooltext-label>'$label</div> {br} $seriesName : $dataValue명",
    }
    chart5.setChartAttribute(option5);
    chart5.draw();

};
]]></script>
    </head>
    <body ev:onpageload="scwin.onpageload">
    	<w2:fusionchart accessibility="true" drawType="javascript" chartType="StackedBar2D" runflashAt="IE6,IE7,IE8"
    		style="position:relative; width:100%;height: 160px;" id="chart1" seriesType="advanced" ref="data:dataList1"
    		plotColor="#0072bc,#39b54a">
    	</w2:fusionchart>
    	<w2:fusionchart accessibility="true" drawType="javascript" runflashAt="IE6,IE7,IE8" seriesType="simple" chartType="Pie2D"
    		style="position:relative; width:100%;height: 400px;" id="chart2" ref="data:dataList2" labelNode="col1" valueNode="col2"
    		plotColor="#ed1c24,#f26522,#8dc63f,#636363">
    	</w2:fusionchart>
    	<w2:fusionchart accessibility="true" drawType="javascript" runflashAt="IE6,IE7,IE8" seriesType="simple" chartType="Column2D"
    		style="width:100%;height:200px" id="chart3" labelNode="col1" valueNode="col2" ref="data:dataList3">
    	</w2:fusionchart>
    	<w2:fusionchart accessibility="true" drawType="javascript" runflashAt="IE6,IE7,IE8" seriesType="simple" chartType="Bar2D"
    		style="position:relative; width:100%;height: 200px;" id="chart4" labelNode="col1" valueNode="col2" plotColor="#0072bc,#0072bc"
    		ref="data:dataList4">
    	</w2:fusionchart>
    	<w2:fusionchart accessibility="true" drawType="javascript" runflashAt="IE6,IE7,IE8" seriesType="advanced" chartType="MSLine"
    		style="position:relative; width:100%;height: 200px;" id="chart5" ref="data:dataList5">
    	</w2:fusionchart>
    </body>
</html>
