<?xml version="1.0" encoding="UTF-8"?>
<html xmlns="http://www.w3.org/1999/xhtml"
    xmlns:ev="http://www.w3.org/2001/xml-events"
    xmlns:w2="http://www.inswave.com/websquare" xmlns:xf="http://www.w3.org/2002/xforms">
    <head>
        <w2:type>COMPONENT</w2:type>
        <w2:buildDate/>
        <w2:MSA/>
        <xf:model>
            <w2:dataCollection baseNode="map">
            	<w2:dataList baseNode="list" repeatNode="map" id="dataList1" saveRemovedData="true">
            		<w2:columnInfo>
            			<w2:column id="col1" name="name1" dataType="text"></w2:column>
            			<w2:column id="col2" name="name2" dataType="text"></w2:column>
            			<w2:column id="col3" name="name3" dataType="text"></w2:column>
            			<w2:column id="col4" name="name4" dataType="text"></w2:column>
            			<w2:column id="otpt" name="name5" dataType="text"></w2:column>
            		</w2:columnInfo>
            		<w2:data use="true">
            			<w2:row>
            				<col1><![CDATA[1]]></col1>
            				<col2><![CDATA[사건처리진행상황 통지(민원사건중간통지)]]></col2>
            				<col3><![CDATA[검찰]]></col3>
            				<col4><![CDATA[2023형제12345]]></col4>
            				<otpt><![CDATA[출력]]></otpt>
            			</w2:row>
            			<w2:row>
            				<col3><![CDATA[검찰 검찰 검찰 검찰 검찰 검찰 검찰 검찰 검찰 검찰 검찰 검찰]]></col3>
            				<col4><![CDATA[2023형제12345]]></col4>
            				<otpt><![CDATA[미열람]]></otpt>
            				<col1><![CDATA[2]]></col1>
            				<col2><![CDATA[사건처리진행상황 통지(민원사건중간통지) 사건처리진행상황 통지(민원사건중간통지) 사건처리진행상황 통지(민원사건중간통지)]]></col2>
            			</w2:row>
            			<w2:row>
            				<col1><![CDATA[3]]></col1>
            				<col2><![CDATA[사건처리진행상황 통지(민원사건중간통지)]]></col2>
            				<col3><![CDATA[검찰 검찰 검찰 검찰 검찰 검찰 검찰 검찰 검찰 검찰 검찰 검찰 검찰 검찰 검찰 검찰 검찰 검찰 검찰 검찰 검찰 검찰 검찰 검찰 검찰 검찰 검찰 검찰 검찰 검찰 검찰 검찰 검찰 검찰 검찰 검찰 검찰 검찰 검찰 검찰 검찰 검찰 검찰 검찰 검찰 검찰 검찰 검찰 검찰 검찰 검찰 검찰 검찰 검찰 검찰 검찰 검찰 검찰 검찰 검찰]]></col3>
            				<col4><![CDATA[2023형제12345]]></col4>
            				<otpt><![CDATA[출력]]></otpt>
            			</w2:row>
            			<w2:row>
            				<col1><![CDATA[4]]></col1>
            				<col2><![CDATA[사건처리진행상황 통지(민원사건중간통지) 사건처리진행상황 통지(민원사건중간통지) 사건처리진행상황 통지(민원사건중간통지)]]></col2>
            				<col3><![CDATA[검찰 검찰 검찰 검찰 검찰 검찰]]></col3>
            				<col4><![CDATA[2023형제12345]]></col4>
            				<otpt><![CDATA[미열람]]></otpt>
            			</w2:row>
            			<w2:row>
            				<col1><![CDATA[5]]></col1>
            				<col2><![CDATA[사건처리진행상황 통지(민원사건중간통지) 사건처리진행상황 통지(민원사건중간통지) 사건처리진행상황 통지(민원사건중간통지)]]></col2>
            				<col3><![CDATA[검찰 검찰 검찰 검찰 검찰 검찰]]></col3>
            				<col4><![CDATA[2023형제12345]]></col4>
            				<otpt><![CDATA[미열람]]></otpt>
            			</w2:row>
            			<w2:row>
            				<col1><![CDATA[6]]></col1>
            				<col2><![CDATA[사건처리진행상황 통지(민원사건중간통지) 사건처리진행상황 통지(민원사건중간통지) 사건처리진행상황 통지(민원사건중간통지)]]></col2>
            				<col3><![CDATA[검찰 검찰 검찰 검찰 검찰 검찰]]></col3>
            				<col4><![CDATA[2023형제12345]]></col4>
            				<otpt><![CDATA[미열람]]></otpt>
            			</w2:row>
            			<w2:row>
            				<col1><![CDATA[7]]></col1>
            				<col2><![CDATA[사건처리진행상황 통지(민원사건중간통지)]]></col2>
            				<col3><![CDATA[검찰]]></col3>
            				<col4><![CDATA[2023형제12345]]></col4>
            				<otpt><![CDATA[출력]]></otpt>
            			</w2:row>
            			<w2:row>
            				<col1><![CDATA[8]]></col1>
            				<col2><![CDATA[사건처리진행상황 통지(민원사건중간통지)]]></col2>
            				<col3><![CDATA[검찰]]></col3>
            				<col4><![CDATA[2023형제12345]]></col4>
            				<otpt><![CDATA[출력]]></otpt>
            			</w2:row>
            			<w2:row>
            				<col1><![CDATA[9]]></col1>
            				<col2><![CDATA[사건처리진행상황 통지(민원사건중간통지)]]></col2>
            				<col3><![CDATA[검찰]]></col3>
            				<col4><![CDATA[2023형제12345]]></col4>
            				<otpt><![CDATA[출력]]></otpt>
            			</w2:row>
            			<w2:row>
            				<col1><![CDATA[10]]></col1>
            				<col2><![CDATA[사건처리진행상황 통지(민원사건중간통지) 사건처리진행상황 통지(민원사건중간통지) 사건처리진행상황 통지(민원사건중간통지)]]></col2>
            				<col3><![CDATA[검찰 검찰 검찰 검찰 검찰 검찰 검찰 검찰 검찰 검찰 검찰 검찰 검찰 검찰 검찰 검찰 검찰 검찰]]></col3>
            				<col4><![CDATA[2023형제12345]]></col4>
            				<otpt><![CDATA[미열람]]></otpt>
            			</w2:row>
            		</w2:data>
            	</w2:dataList>
            </w2:dataCollection>
            <w2:workflowCollection/>
        </xf:model>
        <w2:layoutInfo/>
        <w2:publicInfo method=""/>
        <script lazy="false" type="text/javascript"><![CDATA[
scwin.onpageload = function() {
	scwin.setGridView();
    let height=0;
    let head_h=document.querySelector("thead tr").offsetHeight;
    let rows= document.querySelectorAll("tbody tr");
 
    for(var i=0; i<dataList1.getRowCount(); i++){
        console.log('===>i:'+i+'===>height:'+rows[i].offsetHeight);
        height= height +  rows[i].offsetHeight;

        if(dataList1.getCellData(i, "otpt")=="출력"){
            grid_list.setCellInputType(i, "otpt",{inputType:"button"});
            grid_list.setCellClass(i, "otpt","small");
        }
    }
    grid_list.setGridHeight(height + head_h);

    //footer
    var gValue={};
    gValue.gridID = grid_list.getID();
   
   $('.gridHeaderTableDefault .gridHeaderTableDefault').after($("#"+ gValue.gridID + "_gridFooterTDDefault_tbody"));
//    $("#" +  gValue.gridID + "_dataLayer").css('bottom','0');


};
scwin.setGridView = function(){
    

}
]]></script>
    </head>
    <body ev:onpageload="scwin.onpageload" style="padding:20px;">
    	<xf:group id="" class="grid_table scroll">
	    	<w2:gridView id="grid_list" checkAllType="false" scrollByColumn="false" senseReader="true" focusMove="false" keyMoveEditMode="true"
	    		visibleRowNum="all" oddEvenColorDisplay="false"
	    		noResultMessageStyle="position: absolute; display: block; left: 40%; width: 20%; top: 40%; text-align:center;"
	    		noResultMessage="데이터가 없습니다." readOnly="true" autoFitMinWidth="1000" autoFit="allColumn" noResultMessageVisibleAlways="true"
	    		noResultMessageVisible="true"  style="height:20vh;" dataList="data:dataList1" setCellInputTypeCustom="true" defaultCellHeight="45" tooltipDisplay="true" tooltipShowAlways="true" tooltipDisplayColumn="col4" tooltipShowAlwaysColumns="col4" rowNumHeaderValue="순번" rowNumVisible="true" rowNumWidth="60">
	    		<w2:caption style="" id="caption1" value="this is a grid caption."></w2:caption>
	    		<w2:header style="" id="header1">
	    			<w2:row style="" id="row1">
	    				<w2:column width="40" inputType="text" style="" id="" value="번호" displayMode="label"></w2:column>
	    				<w2:column width="200" inputType="text" style="" id="" value="통지서명" displayMode="label"></w2:column>
	    				<w2:column width="70" inputType="text" style="" id="" value="기관" displayMode="label"></w2:column>
	    				<w2:column width="70" inputType="text" style="" id="" value="사건번  호" displayMode="label"></w2:column>
	    				<w2:column width="80" inputType="text" style="" id="" value="출력" displayMode="label"></w2:column>
	    			</w2:row>
	    		</w2:header>
	    		<w2:gBody style="" id="gBody1">
	    			<w2:row style="" id="row2">
	    				<w2:column width="40" inputType="text" style="" id="col1" value="" displayMode="label"></w2:column>
	    				<w2:column width="200" inputType="text" style="" id="col2" value="" displayMode="label"></w2:column>
	    				<w2:column width="70" inputType="text" style="" id="col3" value="" displayMode="label" class="noelips"></w2:column>
	    				<w2:column width="70" inputType="text" style="" id="col4" value="" displayMode="label"></w2:column>
	    				<w2:column width="80" inputType="custom" style="" id="otpt" value="" displayMode="label" class="grid_btn"></w2:column>
	    			</w2:row>
	    		</w2:gBody>
	    		<w2:footer style="" id="footer1">
	    			<w2:row style="" id="row3">
		    			<w2:column width="40" inputType="text" style="" id="" value="소계" displayMode="label"></w2:column>
	    				<w2:column width="200" inputType="text" style="" id="" value="12" displayMode="label"></w2:column>
	    				<w2:column width="70" inputType="text" style="" id="" value="11" displayMode="label" class=""></w2:column>
	    				<w2:column width="70" inputType="text" style="" id="" value="11" displayMode="label"></w2:column>
	    				<w2:column width="80" inputType="custom" style="" id="" value="12" displayMode="label" class=""></w2:column>
	    			</w2:row>
	    		</w2:footer>
	    	</w2:gridView>
	    </xf:group>
    </body>
</html>
