<?xml version="1.0" encoding="UTF-8"?>
<html xmlns="http://www.w3.org/1999/xhtml"
    xmlns:ev="http://www.w3.org/2001/xml-events"
    xmlns:w2="http://www.inswave.com/websquare" xmlns:xf="http://www.w3.org/2002/xforms">
    <head>
        <w2:type>COMPONENT</w2:type>
        <w2:buildDate/>
        <w2:MSA/>
        <xf:model>
            <w2:dataCollection baseNode="map"/>
            <w2:workflowCollection/>
        </xf:model>
        <w2:layoutInfo/>
        <w2:publicInfo method=""/>
        <script lazy="false" type="text/javascript"><![CDATA[
scwin.onpageload = function() {
	
};
]]></script>
    </head>
    <body ev:onpageload="scwin.onpageload">
    	<xf:group id="" style="" class="chatbot">
    		<xf:group id="" style="" class="chat_header fixed">
    			<xf:group id="" style="" class="header_inenr">
    				<w2:textbox id="" label="KICS talk" style="" tagname="h1" class="logo"></w2:textbox>
    				<xf:group id="" style="" class="functions">
    					<xf:group id="" style="" class="zoom_btns">
							<xf:trigger type="button" id="" style="" class="reset">
					    		<xf:label><![CDATA[글자크기 초기화]]></xf:label>
					    	</xf:trigger>
					    	<xf:trigger type="button" id="" style="" class="btn">
					    		<xf:label><![CDATA[확대하기]]></xf:label>
					    	</xf:trigger>
					    	<xf:trigger type="button" id="" style="" class="btn zoomout">
					    		<xf:label><![CDATA[축소하기]]></xf:label>
					    	</xf:trigger>
					    </xf:group>
    				</xf:group>
    			</xf:group>
    		</xf:group>
    		<!-- chat body -->
    		<xf:group id="" style="" class="chat_body">
    			<xf:group id="" style="" class="chat_row user">
    				<w2:textbox id="" label="사건조회를 하고 싶어요." style="" class="msg"></w2:textbox>
    			</xf:group>
    			<xf:group id="" style="" class="chat_row bot">
    				<w2:textbox id="" label="국민과 함꼐하는 형사사법포털 킥스톡입니다.무엇을 도와드릴까요?" style="" class="msg"></w2:textbox>
    				<xf:group id="" style="" class="follow_msg">
    					<w2:textbox id="" label="국민과 함꼐하는 형사사법포털 킥스톡입니다.무엇을 도와드릴까요?" style="" class="msg w_stretch"></w2:textbox>
    				</xf:group>
    			</xf:group>
    			<xf:group id="" style="" class="chat_row user">
    				<w2:textbox id="" label="사건조회를 하고 싶어요. 사건조회를 하고 싶어요. 사건조회를 하고 싶어요. 사건조회를 하고 싶어요. 사건조회를 하고 싶어요. 사건조회를 하고 싶어요. 사건조회를 하고 싶어요. 사건조회를 하고 싶어요. 사건조회를 하고 싶어요. 사건조회를 하고 싶어요. 사건조회를 하고 싶어요." style="" class="msg"></w2:textbox>
    			</xf:group>
    		</xf:group>
			<!-- //chat body -->
    	</xf:group>
    	
    </body>
</html>
