<?xml version="1.0" encoding="UTF-8"?>
<html xmlns="http://www.w3.org/1999/xhtml"
    xmlns:ev="http://www.w3.org/2001/xml-events"
    xmlns:w2="http://www.inswave.com/websquare" xmlns:xf="http://www.w3.org/2002/xforms">
       <head>
        <w2:type>COMPONENT</w2:type>
        <w2:buildDate/>
        <w2:MSA/>
        <xf:model>
            <w2:dataCollection baseNode="map"/>
            <w2:workflowCollection/>
        </xf:model>
        <w2:layoutInfo/>
        <w2:publicInfo method=""/>
        <script lazy="false" type="text/javascript"><![CDATA[
scwin.onpageload = function() {
	
};
]]></script>
    </head>
    <body ev:onpageload="scwin.onpageload">
    	<xf:group id="" class="sub_contents">
	    	<xf:group id="" class="affair">
		    	<xf:group id="" class="guide_box top_help">
		    		<xf:group id="" class="ico" tagname="span"></xf:group>
		    		<w2:textbox id="" label="사건 진행 상황을 조회할 수 있으며 기관별 사건에 따라 검색 가능 대상이 상이합니다." tagname="p"></w2:textbox>
		    	</xf:group>
		    	<w2:tabControl id="" alwaysDraw="false" style="" class="tab_box" useTabKeyOnly="true">
		    		<w2:tabs disabled="false" style="" label="경찰 사건" class="" title="경찰사건"></w2:tabs>
					<w2:tabs disabled="false" style="" label="해양경찰 사건" class="" title="해양경찰 사건"></w2:tabs>
					<w2:tabs disabled="false" style="" label="검찰 사건" title="검찰 사건"></w2:tabs>
					<w2:tabs disabled="false" style="" label="공수처 사건" title="공수처 사건"></w2:tabs>
					<w2:tabs disabled="false" style="" label="법원 사건" title="법원 사건"></w2:tabs>
					<w2:content alwaysDraw="false" id="content1" src="/publishing/pp/affair/inq_police.xml"></w2:content>
					<w2:content alwaysDraw="false" id="content2" src="/publishing/pp/affair/inq_sea_police.xml"></w2:content>
	   			</w2:tabControl>
		    </xf:group>
		</xf:group>
    </body>
</html>
