<?xml version="1.0" encoding="UTF-8"?>
<html xmlns="http://www.w3.org/1999/xhtml"
    xmlns:ev="http://www.w3.org/2001/xml-events"
    xmlns:w2="http://www.inswave.com/websquare" xmlns:xf="http://www.w3.org/2002/xforms">
    <head>
        <w2:type>COMPONENT</w2:type>
        <w2:buildDate/>
        <w2:MSA/>
        <xf:model>
            <w2:dataCollection baseNode="map">
            	<dataMap baseNode="map" id="dma_detailInfo">
            		<w2:key id="bdCd" name="게시판코드" dataType="text"></w2:key>
            		<w2:key id="pstTtlNm" name="제목" dataType="text"></w2:key>
            		<w2:key id="ptlPstCn" name="내용" dataType="text"></w2:key>
            	</dataMap>
            </w2:dataCollection>
            <w2:workflowCollection/>
        </xf:model>
        <w2:layoutInfo/>
        <w2:publicInfo method=""/>
        <script lazy="false" type="text/javascript"><![CDATA[
scwin.onpageload = function() {
	
};
	scwin.sbm_getDtl_submition = function(e){
        if(e.responseJSON.data != null){
            dma_detailInfo.getJSON(e.responseJSON.data);
            edt_contents.render.innerHTML = dma_detailInfo.get("ptlPstCn");
        }
    }
]]></script>
    </head>
    <body ev:onpageload="scwin.onpageload">
    	<xf:group id="" style="">

    		<w2:editor style="" id="edt_contents"></w2:editor>
    	</xf:group>
    </body>
</html>
