<?xml version="1.0" encoding="UTF-8"?>
<html xmlns="http://www.w3.org/1999/xhtml"
    xmlns:ev="http://www.w3.org/2001/xml-events"
    xmlns:w2="http://www.inswave.com/websquare" xmlns:xf="http://www.w3.org/2002/xforms">
    <head>
    	<w2:type>DEFAULT</w2:type>
        <w2:buildDate/>
        <xf:model>
            <xf:instance>
                <data xmlns=""/>
            </xf:instance>
            <w2:dataCollection baseNode="map">
            	<w2:dataList id="dataList1" baseNode="list" saveRemovedData="true" repeatNode="map">
            		<w2:columnInfo>
            			<w2:column id="col1" name="name1" dataType="text"></w2:column>
            			<w2:column id="col2" name="name2" dataType="text"></w2:column>
            			<w2:column id="col3" name="name3" dataType="text"></w2:column>
            			<w2:column id="col4" name="name4" dataType="text"></w2:column>
            			<w2:column id="col5" name="name5" dataType="text"></w2:column>
            			<w2:column id="col6" name="name6" dataType="text"></w2:column>
            			<w2:column id="col7" name="name7" dataType="text"></w2:column>
            			<w2:column id="col8" name="name8" dataType="text"></w2:column>
            			<w2:column id="col9" name="name9" dataType="text"></w2:column>
            		</w2:columnInfo>
            		<w2:data use="true">
            			<w2:row></w2:row>
            			<w2:row></w2:row>
            			<w2:row></w2:row>
            			<w2:row></w2:row>
            			<w2:row></w2:row>
            			<w2:row></w2:row>
            			<w2:row></w2:row>
            			<w2:row></w2:row>
            			<w2:row></w2:row>
            			<w2:row></w2:row>
            			<w2:row></w2:row>
            			<w2:row></w2:row>
            			<w2:row></w2:row>
            			<w2:row></w2:row>
            			<w2:row></w2:row>
            			<w2:row></w2:row>
            			<w2:row></w2:row>
            			<w2:row></w2:row>
            			<w2:row></w2:row>
            			<w2:row></w2:row>
            			<w2:row></w2:row>
            			<w2:row></w2:row>
            			<w2:row></w2:row>
            			<w2:row></w2:row>
            			<w2:row></w2:row>
            			<w2:row></w2:row>
            			<w2:row></w2:row>
            			<w2:row></w2:row>
            			<w2:row></w2:row>
            			<w2:row></w2:row>
            			<w2:row></w2:row>
            			<w2:row></w2:row>
            			<w2:row></w2:row>
            			<w2:row></w2:row>
            			<w2:row></w2:row>
            			<w2:row></w2:row>
            			<w2:row></w2:row>
            			<w2:row></w2:row>
            			<w2:row></w2:row>
            			<w2:row></w2:row>
            			<w2:row></w2:row>
            			<w2:row></w2:row>
            			<w2:row></w2:row>
            			<w2:row></w2:row>
            			<w2:row></w2:row>
            			<w2:row></w2:row>
            			<w2:row></w2:row>
            			<w2:row></w2:row>
            			<w2:row></w2:row>
            			<w2:row></w2:row>
            			<w2:row></w2:row>
            			<w2:row></w2:row>
            			<w2:row></w2:row>
            			<w2:row></w2:row>
            			<w2:row></w2:row>
            			<w2:row></w2:row>
            		</w2:data>
            	</w2:dataList>
            </w2:dataCollection>
            <w2:workflowCollection>
            </w2:workflowCollection>
        </xf:model>
        <script type="text/javascript" lazy="false"><![CDATA[
        window.onresize = function () { //리사이즈 이벤트를 체크
        	//scwin.fn_gdResize();
        };        
        
		scwin.onpageload = function() {
        	//scwin.fn_gdResize();
        	//gridview1.render.style.height = "calc(100% - 125px)";			
		};
		
		scwin.onpageunload = function() {
			
		};
		
        scwin.fn_gdResize = function(){
	        var content_Gp = content.getSize("outerMarginHeight");
			var cont_Top = searchbox.getSize("outerMarginHeight");
			var cont_Bottom = footer.getSize("outerMarginHeight");
			var gd_Height = content_Gp - (cont_Top+cont_Bottom)-2;
			gridview1.setSize(null,gd_Height);
        };
        
        ]]></script>
    </head>
    <body ev:onpageload="scwin.onpageload" ev:onpageunload="scwin.onpageunload">
    	<xf:group id="" style="" class="wrap">
    		<w2:textbox label="wframe_header" id="wf_header"
    			style="background:#666;height: 100px;text-align:center;line-height: 100px;font-size:20px;font-weight: bold;">
    		</w2:textbox>
    		<xf:group id="container" style="background:silver;position:absolute;left:0; right:0; top:100px; bottom:0;" class="">

    			<w2:textbox label="wframe_side" id="wf_sider"
    				style="width: 150px;height: 100%;background:gray;text-align:center;font-size:20px;font-weight: bold;line-height:200px;">
    			</w2:textbox>
    			<xf:group id="content"
    				style="position:absolute;left:160px; top:0; bottom:0; right:0;background: #fff;border:2px solid yellow;" class="">
    				<w2:textbox label="검색영역" id="searchbox" style="height: 60px;text-align:center;background:gray;line-height:60px;"></w2:textbox>
    				<w2:gridView dataList="dataList1" scrollByColumn="false" scrollByColumnAdaptive="false" id="gridview1"
    					style="border:2px solid red;height: calc(100% - 125px)" ignoreCellClick="false" ignoreToggleOnDisabled="false" fixedColumnWithHidden="true"
    					useShiftKey="true" autoFit="allColumn" rowNumVisible="true">
    					<w2:header id="header1" style="">
    						<w2:row id="row1" style="">
    							<w2:column blockSelect="false" id="column17" style="height:20px" inputType="text" width="70"
    								displayMode="label" value="name1">
    							</w2:column>
    							<w2:column blockSelect="false" id="column15" style="height:20px" inputType="text" width="70"
    								displayMode="label" value="name2">
    							</w2:column>
    							<w2:column blockSelect="false" id="column13" style="height:20px" inputType="text" width="70"
    								displayMode="label" value="name3">
    							</w2:column>
    							<w2:column blockSelect="false" id="column11" style="height:20px" inputType="text" width="70"
    								displayMode="label" value="name4">
    							</w2:column>
    							<w2:column blockSelect="false" id="column9" style="height:20px" inputType="text" width="70"
    								displayMode="label" value="name5">
    							</w2:column>
    							<w2:column blockSelect="false" id="column7" style="height:20px" inputType="text" width="70"
    								displayMode="label" value="name6">
    							</w2:column>
    							<w2:column blockSelect="false" id="column5" style="height:20px" inputType="text" width="70"
    								displayMode="label" value="name7">
    							</w2:column>
    							<w2:column blockSelect="false" id="column3" style="height:20px" inputType="text" width="70"
    								displayMode="label" value="name8">
    							</w2:column>
    							<w2:column blockSelect="false" id="column1" style="height:20px" width="70" inputType="text"
    								displayMode="label" value="name9">
    							</w2:column>
    						</w2:row>
    					</w2:header>
    					<w2:gBody id="gBody1" style="">
    						<w2:row id="row2" style="">
    							<w2:column blockSelect="false" id="col1" style="height:20px" inputType="text" width="70"
    								displayMode="label">
    							</w2:column>
    							<w2:column blockSelect="false" id="col2" style="height:20px" inputType="text" width="70"
    								displayMode="label">
    							</w2:column>
    							<w2:column blockSelect="false" id="col3" style="height:20px" inputType="text" width="70"
    								displayMode="label">
    							</w2:column>
    							<w2:column blockSelect="false" id="col4" style="height:20px" inputType="text" width="70"
    								displayMode="label">
    							</w2:column>
    							<w2:column blockSelect="false" id="col5" style="height:20px" inputType="text" width="70"
    								displayMode="label">
    							</w2:column>
    							<w2:column blockSelect="false" id="col6" style="height:20px" inputType="text" width="70"
    								displayMode="label">
    							</w2:column>
    							<w2:column blockSelect="false" id="col7" style="height:20px" inputType="text" width="70"
    								displayMode="label">
    							</w2:column>
    							<w2:column blockSelect="false" id="col8" style="height:20px" inputType="text" width="70"
    								displayMode="label">
    							</w2:column>
    							<w2:column blockSelect="false" id="col9" style="height:20px" width="70" inputType="text"
    								displayMode="label">
    							</w2:column>
    						</w2:row>
    					</w2:gBody>
    				</w2:gridView>
    				<w2:textbox label="footer 영역" id="footer"
    					style="height: 50px;line-height: 50px;background: #777;text-align:center;margin-top:10px;">
    				</w2:textbox>
    			</xf:group>
    		</xf:group>
    	</xf:group>
    </body>
</html>
