<?xml version="1.0" encoding="UTF-8"?>
<html xmlns="http://www.w3.org/1999/xhtml" xmlns:ev="http://www.w3.org/2001/xml-events" xmlns:w2="http://www.inswave.com/websquare"
	xmlns:xf="http://www.w3.org/2002/xforms">
	<head>
		<w2:buildDate />
		<xf:model>
			<xf:instance>
				<data xmlns="" />
			</xf:instance>
			<w2:dataCollection>
				<w2:dataList id="dataList1" style="" valueAttribute="">
					<w2:columnInfo>
						<w2:column id="STORECD" name="점포코드" dataType="text"></w2:column>
						<w2:column id="STORENM" name="점포명" dataType="text"></w2:column>
						<w2:column id="CLOSE_SE_CODE" name="마감여부" dataType="text"></w2:column>
						<w2:column id="APPLC_DE" name="일자" dataType="date"></w2:column>
						<w2:column id="BELOW" name="출근_8시간미만_전주결과" dataType="number"></w2:column>
						<w2:column id="ATTEND_8_TM_BELOW_CNT" name="출근_8시간미만_금주계획" dataType="number"></w2:column>
						<w2:column id="MONTHN" name="출근_8시간이상_전주결과" dataType="number"></w2:column>
						<w2:column id="ATTEND_8_TM_MOTHN_CNT" name="출근_8시간이상_금주계획" dataType="number"></w2:column>
						<w2:column id="CAL1" name="기준식수" dataType="number"></w2:column>
						<w2:column id="LUNCH_NMPR_CNT" name="중식" dataType="number"></w2:column>
						<w2:column id="LNMEAL_NMPR_CNT" name="야식" dataType="number"></w2:column>
						<w2:column id="CAL2" name="급식인원_합계" dataType="number"></w2:column>
						<w2:column id="RSTRNT_LUNCH_UPC" name="중식단가" dataType="number"></w2:column>
						<w2:column id="RSTRNT_LNMEAL_UPC" name="야식단가" dataType="number"></w2:column>
						<w2:column id="LUNCH_AMT" name="중식금액" dataType="number"></w2:column>
						<w2:column id="LNMEAL_AMT" name="야식금액" dataType="number"></w2:column>
						<w2:column id="REMARKS" name="특이사항" dataType="text"></w2:column>
					</w2:columnInfo>
					<w2:data use="true">
						<w2:row>
							<REMARKS><![CDATA[]]>
							</REMARKS>
							<STORECD><![CDATA[11043]]></STORECD>
							<STORENM><![CDATA[숙대입구역]]></STORENM>
							<CLOSE_SE_CODE><![CDATA[0]]></CLOSE_SE_CODE>
							<APPLC_DE><![CDATA[20131229]]></APPLC_DE>
							<BELOW><![CDATA[21]]></BELOW>
							<ATTEND_8_TM_BELOW_CNT><![CDATA[25]]></ATTEND_8_TM_BELOW_CNT>
							<MONTHN><![CDATA[120]]></MONTHN>
							<ATTEND_8_TM_MOTHN_CNT><![CDATA[110]]></ATTEND_8_TM_MOTHN_CNT>
							<LUNCH_NMPR_CNT><![CDATA[115]]></LUNCH_NMPR_CNT>
							<LNMEAL_NMPR_CNT><![CDATA[45]]></LNMEAL_NMPR_CNT>
							<RSTRNT_LUNCH_UPC><![CDATA[5000]]></RSTRNT_LUNCH_UPC>
							<RSTRNT_LNMEAL_UPC><![CDATA[6000]]></RSTRNT_LNMEAL_UPC>
						</w2:row>
						<w2:row>
							<REMARKS><![CDATA[]]>
							</REMARKS>
							<STORECD><![CDATA[11043]]></STORECD>
							<STORENM><![CDATA[숙대입구역]]></STORENM>
							<CLOSE_SE_CODE><![CDATA[0]]></CLOSE_SE_CODE>
							<APPLC_DE><![CDATA[20131230]]></APPLC_DE>
							<BELOW><![CDATA[18]]></BELOW>
							<ATTEND_8_TM_BELOW_CNT><![CDATA[24]]></ATTEND_8_TM_BELOW_CNT>
							<MONTHN><![CDATA[130]]></MONTHN>
							<ATTEND_8_TM_MOTHN_CNT><![CDATA[121]]></ATTEND_8_TM_MOTHN_CNT>
							<LUNCH_NMPR_CNT><![CDATA[145]]></LUNCH_NMPR_CNT>
							<LNMEAL_NMPR_CNT><![CDATA[10]]></LNMEAL_NMPR_CNT>
							<RSTRNT_LUNCH_UPC><![CDATA[4500]]></RSTRNT_LUNCH_UPC>
							<RSTRNT_LNMEAL_UPC><![CDATA[6000]]></RSTRNT_LNMEAL_UPC>
						</w2:row>
						<w2:row>
							<REMARKS><![CDATA[]]>
							</REMARKS>
							<STORECD><![CDATA[11043]]></STORECD>
							<STORENM><![CDATA[숙대입구역]]></STORENM>
							<CLOSE_SE_CODE><![CDATA[0]]></CLOSE_SE_CODE>
							<APPLC_DE><![CDATA[20131231]]></APPLC_DE>
							<BELOW><![CDATA[11]]></BELOW>
							<ATTEND_8_TM_BELOW_CNT><![CDATA[18]]></ATTEND_8_TM_BELOW_CNT>
							<MONTHN><![CDATA[111]]></MONTHN>
							<ATTEND_8_TM_MOTHN_CNT><![CDATA[135]]></ATTEND_8_TM_MOTHN_CNT>
							<LUNCH_NMPR_CNT><![CDATA[121]]></LUNCH_NMPR_CNT>
							<LNMEAL_NMPR_CNT><![CDATA[15]]></LNMEAL_NMPR_CNT>
							<RSTRNT_LUNCH_UPC><![CDATA[4000]]></RSTRNT_LUNCH_UPC>
							<RSTRNT_LNMEAL_UPC><![CDATA[6000]]></RSTRNT_LNMEAL_UPC>
						</w2:row>
						<w2:row>
							<REMARKS><![CDATA[김치추가]]></REMARKS>
							<STORECD><![CDATA[11043]]></STORECD>
							<STORENM><![CDATA[숙대입구역]]></STORENM>
							<CLOSE_SE_CODE><![CDATA[0]]></CLOSE_SE_CODE>
							<APPLC_DE><![CDATA[20140101]]></APPLC_DE>
							<BELOW><![CDATA[16]]></BELOW>
							<ATTEND_8_TM_BELOW_CNT><![CDATA[23]]></ATTEND_8_TM_BELOW_CNT>
							<MONTHN><![CDATA[135]]></MONTHN>
							<ATTEND_8_TM_MOTHN_CNT><![CDATA[121]]></ATTEND_8_TM_MOTHN_CNT>
							<LUNCH_NMPR_CNT><![CDATA[140]]></LUNCH_NMPR_CNT>
							<LNMEAL_NMPR_CNT><![CDATA[16]]></LNMEAL_NMPR_CNT>
							<RSTRNT_LUNCH_UPC><![CDATA[4500]]></RSTRNT_LUNCH_UPC>
							<RSTRNT_LNMEAL_UPC><![CDATA[6000]]></RSTRNT_LNMEAL_UPC>
						</w2:row>
						<w2:row>
							<REMARKS><![CDATA[]]>
							</REMARKS>
							<STORECD><![CDATA[11043]]></STORECD>
							<STORENM><![CDATA[숙대입구역]]></STORENM>
							<CLOSE_SE_CODE><![CDATA[0]]></CLOSE_SE_CODE>
							<APPLC_DE><![CDATA[20140102]]></APPLC_DE>
							<BELOW><![CDATA[8]]></BELOW>
							<ATTEND_8_TM_BELOW_CNT><![CDATA[45]]></ATTEND_8_TM_BELOW_CNT>
							<MONTHN><![CDATA[132]]></MONTHN>
							<ATTEND_8_TM_MOTHN_CNT><![CDATA[133]]></ATTEND_8_TM_MOTHN_CNT>
							<LUNCH_NMPR_CNT><![CDATA[140]]></LUNCH_NMPR_CNT>
							<LNMEAL_NMPR_CNT><![CDATA[14]]></LNMEAL_NMPR_CNT>
							<RSTRNT_LUNCH_UPC><![CDATA[4000]]></RSTRNT_LUNCH_UPC>
							<RSTRNT_LNMEAL_UPC><![CDATA[6000]]></RSTRNT_LNMEAL_UPC>
						</w2:row>
						<w2:row>
							<REMARKS><![CDATA[]]>
							</REMARKS>
							<STORECD><![CDATA[11043]]></STORECD>
							<STORENM><![CDATA[숙대입구역]]></STORENM>
							<CLOSE_SE_CODE><![CDATA[0]]></CLOSE_SE_CODE>
							<APPLC_DE><![CDATA[20140103]]></APPLC_DE>
							<BELOW><![CDATA[25]]></BELOW>
							<ATTEND_8_TM_BELOW_CNT><![CDATA[12]]></ATTEND_8_TM_BELOW_CNT>
							<MONTHN><![CDATA[122]]></MONTHN>
							<ATTEND_8_TM_MOTHN_CNT><![CDATA[125]]></ATTEND_8_TM_MOTHN_CNT>
							<LUNCH_NMPR_CNT><![CDATA[135]]></LUNCH_NMPR_CNT>
							<LNMEAL_NMPR_CNT><![CDATA[16]]></LNMEAL_NMPR_CNT>
							<RSTRNT_LUNCH_UPC><![CDATA[4500]]></RSTRNT_LUNCH_UPC>
							<RSTRNT_LNMEAL_UPC><![CDATA[6000]]></RSTRNT_LNMEAL_UPC>
						</w2:row>
						<w2:row>
							<REMARKS><![CDATA[]]>
							</REMARKS>
							<STORECD><![CDATA[11043]]></STORECD>
							<STORENM><![CDATA[숙대입구역]]></STORENM>
							<CLOSE_SE_CODE><![CDATA[0]]></CLOSE_SE_CODE>
							<APPLC_DE><![CDATA[20140104]]></APPLC_DE>
							<BELOW><![CDATA[16]]></BELOW>
							<ATTEND_8_TM_BELOW_CNT><![CDATA[34]]></ATTEND_8_TM_BELOW_CNT>
							<MONTHN><![CDATA[145]]></MONTHN>
							<ATTEND_8_TM_MOTHN_CNT><![CDATA[140]]></ATTEND_8_TM_MOTHN_CNT>
							<LUNCH_NMPR_CNT><![CDATA[141]]></LUNCH_NMPR_CNT>
							<LNMEAL_NMPR_CNT><![CDATA[17]]></LNMEAL_NMPR_CNT>
							<RSTRNT_LUNCH_UPC><![CDATA[5000]]></RSTRNT_LUNCH_UPC>
							<RSTRNT_LNMEAL_UPC><![CDATA[6000]]></RSTRNT_LNMEAL_UPC>
						</w2:row>
						<w2:row>
							<REMARKS><![CDATA[우동추가]]></REMARKS>
							<STORECD><![CDATA[11055]]></STORECD>
							<STORENM><![CDATA[신도림역]]></STORENM>
							<CLOSE_SE_CODE><![CDATA[0]]></CLOSE_SE_CODE>
							<APPLC_DE><![CDATA[20131229]]></APPLC_DE>
							<BELOW><![CDATA[15]]></BELOW>
							<ATTEND_8_TM_BELOW_CNT><![CDATA[23]]></ATTEND_8_TM_BELOW_CNT>
							<MONTHN><![CDATA[153]]></MONTHN>
							<ATTEND_8_TM_MOTHN_CNT><![CDATA[145]]></ATTEND_8_TM_MOTHN_CNT>
							<LUNCH_NMPR_CNT><![CDATA[156]]></LUNCH_NMPR_CNT>
							<LNMEAL_NMPR_CNT><![CDATA[36]]></LNMEAL_NMPR_CNT>
							<RSTRNT_LUNCH_UPC><![CDATA[4500]]></RSTRNT_LUNCH_UPC>
							<RSTRNT_LNMEAL_UPC><![CDATA[6000]]></RSTRNT_LNMEAL_UPC>
						</w2:row>
						<w2:row>
							<REMARKS><![CDATA[]]>
							</REMARKS>
							<STORECD><![CDATA[11055]]></STORECD>
							<STORENM><![CDATA[신도림역]]></STORENM>
							<CLOSE_SE_CODE><![CDATA[0]]></CLOSE_SE_CODE>
							<APPLC_DE><![CDATA[20131230]]></APPLC_DE>
							<BELOW><![CDATA[9]]></BELOW>
							<ATTEND_8_TM_BELOW_CNT><![CDATA[17]]></ATTEND_8_TM_BELOW_CNT>
							<MONTHN><![CDATA[123]]></MONTHN>
							<ATTEND_8_TM_MOTHN_CNT><![CDATA[135]]></ATTEND_8_TM_MOTHN_CNT>
							<LUNCH_NMPR_CNT><![CDATA[130]]></LUNCH_NMPR_CNT>
							<LNMEAL_NMPR_CNT><![CDATA[26]]></LNMEAL_NMPR_CNT>
							<RSTRNT_LUNCH_UPC><![CDATA[4000]]></RSTRNT_LUNCH_UPC>
							<RSTRNT_LNMEAL_UPC><![CDATA[6000]]></RSTRNT_LNMEAL_UPC>
						</w2:row>
						<w2:row>
							<REMARKS><![CDATA[]]>
							</REMARKS>
							<STORECD><![CDATA[11055]]></STORECD>
							<STORENM><![CDATA[신도림역]]></STORENM>
							<CLOSE_SE_CODE><![CDATA[0]]></CLOSE_SE_CODE>
							<APPLC_DE><![CDATA[20131231]]></APPLC_DE>
							<BELOW><![CDATA[4]]></BELOW>
							<ATTEND_8_TM_BELOW_CNT><![CDATA[14]]></ATTEND_8_TM_BELOW_CNT>
							<MONTHN><![CDATA[146]]></MONTHN>
							<ATTEND_8_TM_MOTHN_CNT><![CDATA[155]]></ATTEND_8_TM_MOTHN_CNT>
							<LUNCH_NMPR_CNT><![CDATA[145]]></LUNCH_NMPR_CNT>
							<LNMEAL_NMPR_CNT><![CDATA[28]]></LNMEAL_NMPR_CNT>
							<RSTRNT_LUNCH_UPC><![CDATA[4500]]></RSTRNT_LUNCH_UPC>
							<RSTRNT_LNMEAL_UPC><![CDATA[6000]]></RSTRNT_LNMEAL_UPC>
						</w2:row>
						<w2:row>
							<REMARKS><![CDATA[]]>
							</REMARKS>
							<STORECD><![CDATA[11055]]></STORECD>
							<STORENM><![CDATA[신도림역]]></STORENM>
							<CLOSE_SE_CODE><![CDATA[0]]></CLOSE_SE_CODE>
							<APPLC_DE><![CDATA[20140101]]></APPLC_DE>
							<BELOW><![CDATA[6]]></BELOW>
							<ATTEND_8_TM_BELOW_CNT><![CDATA[8]]></ATTEND_8_TM_BELOW_CNT>
							<MONTHN><![CDATA[129]]></MONTHN>
							<ATTEND_8_TM_MOTHN_CNT><![CDATA[130]]></ATTEND_8_TM_MOTHN_CNT>
							<LUNCH_NMPR_CNT><![CDATA[133]]></LUNCH_NMPR_CNT>
							<LNMEAL_NMPR_CNT><![CDATA[21]]></LNMEAL_NMPR_CNT>
							<RSTRNT_LUNCH_UPC><![CDATA[4500]]></RSTRNT_LUNCH_UPC>
							<RSTRNT_LNMEAL_UPC><![CDATA[6000]]></RSTRNT_LNMEAL_UPC>
						</w2:row>
						<w2:row>
							<REMARKS><![CDATA[]]>
							</REMARKS>
							<STORECD><![CDATA[11055]]></STORECD>
							<STORENM><![CDATA[신도림역]]></STORENM>
							<CLOSE_SE_CODE><![CDATA[0]]></CLOSE_SE_CODE>
							<APPLC_DE><![CDATA[20140102]]></APPLC_DE>
							<BELOW><![CDATA[10]]></BELOW>
							<ATTEND_8_TM_BELOW_CNT><![CDATA[25]]></ATTEND_8_TM_BELOW_CNT>
							<MONTHN><![CDATA[117]]></MONTHN>
							<ATTEND_8_TM_MOTHN_CNT><![CDATA[128]]></ATTEND_8_TM_MOTHN_CNT>
							<LUNCH_NMPR_CNT><![CDATA[120]]></LUNCH_NMPR_CNT>
							<LNMEAL_NMPR_CNT><![CDATA[29]]></LNMEAL_NMPR_CNT>
							<RSTRNT_LUNCH_UPC><![CDATA[4500]]></RSTRNT_LUNCH_UPC>
							<RSTRNT_LNMEAL_UPC><![CDATA[6000]]></RSTRNT_LNMEAL_UPC>
						</w2:row>
						<w2:row>
							<REMARKS><![CDATA[]]>
							</REMARKS>
							<STORECD><![CDATA[11055]]></STORECD>
							<STORENM><![CDATA[신도림역]]></STORENM>
							<CLOSE_SE_CODE><![CDATA[0]]></CLOSE_SE_CODE>
							<APPLC_DE><![CDATA[20140103]]></APPLC_DE>
							<BELOW><![CDATA[14]]></BELOW>
							<ATTEND_8_TM_BELOW_CNT><![CDATA[34]]></ATTEND_8_TM_BELOW_CNT>
							<MONTHN><![CDATA[113]]></MONTHN>
							<ATTEND_8_TM_MOTHN_CNT><![CDATA[130]]></ATTEND_8_TM_MOTHN_CNT>
							<LUNCH_NMPR_CNT><![CDATA[121]]></LUNCH_NMPR_CNT>
							<LNMEAL_NMPR_CNT><![CDATA[18]]></LNMEAL_NMPR_CNT>
							<RSTRNT_LUNCH_UPC><![CDATA[4000]]></RSTRNT_LUNCH_UPC>
							<RSTRNT_LNMEAL_UPC><![CDATA[6000]]></RSTRNT_LNMEAL_UPC>
						</w2:row>
						<w2:row>
							<REMARKS><![CDATA[]]>
							</REMARKS>
							<STORECD><![CDATA[11055]]></STORECD>
							<STORENM><![CDATA[신도림역]]></STORENM>
							<CLOSE_SE_CODE><![CDATA[0]]></CLOSE_SE_CODE>
							<APPLC_DE><![CDATA[20140104]]></APPLC_DE>
							<BELOW><![CDATA[17]]></BELOW>
							<ATTEND_8_TM_BELOW_CNT><![CDATA[23]]></ATTEND_8_TM_BELOW_CNT>
							<MONTHN><![CDATA[105]]></MONTHN>
							<ATTEND_8_TM_MOTHN_CNT><![CDATA[120]]></ATTEND_8_TM_MOTHN_CNT>
							<LUNCH_NMPR_CNT><![CDATA[109]]></LUNCH_NMPR_CNT>
							<LNMEAL_NMPR_CNT><![CDATA[56]]></LNMEAL_NMPR_CNT>
							<RSTRNT_LUNCH_UPC><![CDATA[4500]]></RSTRNT_LUNCH_UPC>
							<RSTRNT_LNMEAL_UPC><![CDATA[6000]]></RSTRNT_LNMEAL_UPC>
						</w2:row>
						<w2:row>
							<REMARKS><![CDATA[]]>
							</REMARKS>
							<STORECD><![CDATA[11067]]></STORECD>
							<STORENM><![CDATA[목동사거리]]></STORENM>
							<CLOSE_SE_CODE><![CDATA[0]]></CLOSE_SE_CODE>
							<APPLC_DE><![CDATA[20131229]]></APPLC_DE>
							<BELOW><![CDATA[19]]></BELOW>
							<ATTEND_8_TM_BELOW_CNT><![CDATA[16]]></ATTEND_8_TM_BELOW_CNT>
							<MONTHN><![CDATA[145]]></MONTHN>
							<ATTEND_8_TM_MOTHN_CNT><![CDATA[138]]></ATTEND_8_TM_MOTHN_CNT>
							<LUNCH_NMPR_CNT><![CDATA[144]]></LUNCH_NMPR_CNT>
							<LNMEAL_NMPR_CNT><![CDATA[25]]></LNMEAL_NMPR_CNT>
							<RSTRNT_LUNCH_UPC><![CDATA[5500]]></RSTRNT_LUNCH_UPC>
							<RSTRNT_LNMEAL_UPC><![CDATA[6000]]></RSTRNT_LNMEAL_UPC>
						</w2:row>
						<w2:row>
							<REMARKS><![CDATA[]]>
							</REMARKS>
							<STORECD><![CDATA[11067]]></STORECD>
							<STORENM><![CDATA[목동사거리]]></STORENM>
							<CLOSE_SE_CODE><![CDATA[0]]></CLOSE_SE_CODE>
							<APPLC_DE><![CDATA[20131230]]></APPLC_DE>
							<BELOW><![CDATA[11]]></BELOW>
							<ATTEND_8_TM_BELOW_CNT><![CDATA[23]]></ATTEND_8_TM_BELOW_CNT>
							<MONTHN><![CDATA[154]]></MONTHN>
							<ATTEND_8_TM_MOTHN_CNT><![CDATA[126]]></ATTEND_8_TM_MOTHN_CNT>
							<LUNCH_NMPR_CNT><![CDATA[156]]></LUNCH_NMPR_CNT>
							<LNMEAL_NMPR_CNT><![CDATA[22]]></LNMEAL_NMPR_CNT>
							<RSTRNT_LUNCH_UPC><![CDATA[4500]]></RSTRNT_LUNCH_UPC>
							<RSTRNT_LNMEAL_UPC><![CDATA[6000]]></RSTRNT_LNMEAL_UPC>
						</w2:row>
						<w2:row>
							<REMARKS><![CDATA[]]>
							</REMARKS>
							<STORECD><![CDATA[11067]]></STORECD>
							<STORENM><![CDATA[목동사거리]]></STORENM>
							<CLOSE_SE_CODE><![CDATA[0]]></CLOSE_SE_CODE>
							<APPLC_DE><![CDATA[20131231]]></APPLC_DE>
							<BELOW><![CDATA[10]]></BELOW>
							<ATTEND_8_TM_BELOW_CNT><![CDATA[19]]></ATTEND_8_TM_BELOW_CNT>
							<MONTHN><![CDATA[129]]></MONTHN>
							<ATTEND_8_TM_MOTHN_CNT><![CDATA[128]]></ATTEND_8_TM_MOTHN_CNT>
							<LUNCH_NMPR_CNT><![CDATA[131]]></LUNCH_NMPR_CNT>
							<LNMEAL_NMPR_CNT><![CDATA[34]]></LNMEAL_NMPR_CNT>
							<RSTRNT_LUNCH_UPC><![CDATA[4500]]></RSTRNT_LUNCH_UPC>
							<RSTRNT_LNMEAL_UPC><![CDATA[6000]]></RSTRNT_LNMEAL_UPC>
						</w2:row>
						<w2:row>
							<REMARKS><![CDATA[]]>
							</REMARKS>
							<STORECD><![CDATA[11067]]></STORECD>
							<STORENM><![CDATA[목동사거리]]></STORENM>
							<CLOSE_SE_CODE><![CDATA[0]]></CLOSE_SE_CODE>
							<APPLC_DE><![CDATA[20140101]]></APPLC_DE>
							<BELOW><![CDATA[7]]></BELOW>
							<ATTEND_8_TM_BELOW_CNT><![CDATA[23]]></ATTEND_8_TM_BELOW_CNT>
							<MONTHN><![CDATA[127]]></MONTHN>
							<ATTEND_8_TM_MOTHN_CNT><![CDATA[112]]></ATTEND_8_TM_MOTHN_CNT>
							<LUNCH_NMPR_CNT><![CDATA[132]]></LUNCH_NMPR_CNT>
							<LNMEAL_NMPR_CNT><![CDATA[12]]></LNMEAL_NMPR_CNT>
							<RSTRNT_LUNCH_UPC><![CDATA[4000]]></RSTRNT_LUNCH_UPC>
							<RSTRNT_LNMEAL_UPC><![CDATA[6000]]></RSTRNT_LNMEAL_UPC>
						</w2:row>
						<w2:row>
							<REMARKS><![CDATA[콜라추가]]></REMARKS>
							<STORECD><![CDATA[11067]]></STORECD>
							<STORENM><![CDATA[목동사거리]]></STORENM>
							<CLOSE_SE_CODE><![CDATA[0]]></CLOSE_SE_CODE>
							<APPLC_DE><![CDATA[20140102]]></APPLC_DE>
							<BELOW><![CDATA[8]]></BELOW>
							<ATTEND_8_TM_BELOW_CNT><![CDATA[18]]></ATTEND_8_TM_BELOW_CNT>
							<MONTHN><![CDATA[116]]></MONTHN>
							<ATTEND_8_TM_MOTHN_CNT><![CDATA[121]]></ATTEND_8_TM_MOTHN_CNT>
							<LUNCH_NMPR_CNT><![CDATA[123]]></LUNCH_NMPR_CNT>
							<LNMEAL_NMPR_CNT><![CDATA[35]]></LNMEAL_NMPR_CNT>
							<RSTRNT_LUNCH_UPC><![CDATA[5000]]></RSTRNT_LUNCH_UPC>
							<RSTRNT_LNMEAL_UPC><![CDATA[6000]]></RSTRNT_LNMEAL_UPC>
						</w2:row>
						<w2:row>
							<STORECD><![CDATA[11067]]></STORECD>
							<STORENM><![CDATA[목동사거리]]></STORENM>
							<CLOSE_SE_CODE><![CDATA[0]]></CLOSE_SE_CODE>
							<APPLC_DE><![CDATA[20140103]]></APPLC_DE>
							<BELOW><![CDATA[13]]></BELOW>
							<ATTEND_8_TM_BELOW_CNT><![CDATA[21]]></ATTEND_8_TM_BELOW_CNT>
							<MONTHN><![CDATA[127]]></MONTHN>
							<ATTEND_8_TM_MOTHN_CNT><![CDATA[132]]></ATTEND_8_TM_MOTHN_CNT>
							<LUNCH_NMPR_CNT><![CDATA[130]]></LUNCH_NMPR_CNT>
							<LNMEAL_NMPR_CNT><![CDATA[45]]></LNMEAL_NMPR_CNT>
							<RSTRNT_LUNCH_UPC><![CDATA[5000]]></RSTRNT_LUNCH_UPC>
							<RSTRNT_LNMEAL_UPC><![CDATA[6000]]></RSTRNT_LNMEAL_UPC>
						</w2:row>
						<w2:row>
							<STORECD><![CDATA[11067]]></STORECD>
							<STORENM><![CDATA[목동사거리]]></STORENM>
							<CLOSE_SE_CODE><![CDATA[0]]></CLOSE_SE_CODE>
							<APPLC_DE><![CDATA[20140104]]></APPLC_DE>
							<BELOW><![CDATA[18]]></BELOW>
							<ATTEND_8_TM_BELOW_CNT><![CDATA[27]]></ATTEND_8_TM_BELOW_CNT>
							<MONTHN><![CDATA[130]]></MONTHN>
							<ATTEND_8_TM_MOTHN_CNT><![CDATA[128]]></ATTEND_8_TM_MOTHN_CNT>
							<LUNCH_NMPR_CNT><![CDATA[146]]></LUNCH_NMPR_CNT>
							<LNMEAL_NMPR_CNT><![CDATA[38]]></LNMEAL_NMPR_CNT>
							<RSTRNT_LUNCH_UPC><![CDATA[5000]]></RSTRNT_LUNCH_UPC>
							<RSTRNT_LNMEAL_UPC><![CDATA[6000]]></RSTRNT_LNMEAL_UPC>
						</w2:row>
						<w2:row>
							<STORECD><![CDATA[11064]]></STORECD>
							<STORENM><![CDATA[양천구청]]></STORENM>
							<CLOSE_SE_CODE><![CDATA[0]]></CLOSE_SE_CODE>
							<APPLC_DE><![CDATA[20131229]]></APPLC_DE>
							<BELOW><![CDATA[16]]></BELOW>
							<ATTEND_8_TM_BELOW_CNT><![CDATA[33]]></ATTEND_8_TM_BELOW_CNT>
							<MONTHN><![CDATA[140]]></MONTHN>
							<ATTEND_8_TM_MOTHN_CNT><![CDATA[133]]></ATTEND_8_TM_MOTHN_CNT>
							<LUNCH_NMPR_CNT><![CDATA[133]]></LUNCH_NMPR_CNT>
							<LNMEAL_NMPR_CNT><![CDATA[20]]></LNMEAL_NMPR_CNT>
							<RSTRNT_LUNCH_UPC><![CDATA[4500]]></RSTRNT_LUNCH_UPC>
							<RSTRNT_LNMEAL_UPC><![CDATA[6000]]></RSTRNT_LNMEAL_UPC>
						</w2:row>
						<w2:row>
							<STORECD><![CDATA[11064]]></STORECD>
							<STORENM><![CDATA[양천구청]]></STORENM>
							<CLOSE_SE_CODE><![CDATA[0]]></CLOSE_SE_CODE>
							<APPLC_DE><![CDATA[20131230]]></APPLC_DE>
							<BELOW><![CDATA[15]]></BELOW>
							<ATTEND_8_TM_BELOW_CNT><![CDATA[24]]></ATTEND_8_TM_BELOW_CNT>
							<MONTHN><![CDATA[135]]></MONTHN>
							<ATTEND_8_TM_MOTHN_CNT><![CDATA[135]]></ATTEND_8_TM_MOTHN_CNT>
							<LUNCH_NMPR_CNT><![CDATA[141]]></LUNCH_NMPR_CNT>
							<LNMEAL_NMPR_CNT><![CDATA[25]]></LNMEAL_NMPR_CNT>
							<RSTRNT_LUNCH_UPC><![CDATA[4500]]></RSTRNT_LUNCH_UPC>
							<RSTRNT_LNMEAL_UPC><![CDATA[6000]]></RSTRNT_LNMEAL_UPC>
						</w2:row>
						<w2:row>
							<STORECD><![CDATA[11064]]></STORECD>
							<STORENM><![CDATA[양천구청]]></STORENM>
							<CLOSE_SE_CODE><![CDATA[0]]></CLOSE_SE_CODE>
							<APPLC_DE><![CDATA[20131231]]></APPLC_DE>
							<BELOW><![CDATA[12]]></BELOW>
							<ATTEND_8_TM_BELOW_CNT><![CDATA[26]]></ATTEND_8_TM_BELOW_CNT>
							<MONTHN><![CDATA[137]]></MONTHN>
							<ATTEND_8_TM_MOTHN_CNT><![CDATA[141]]></ATTEND_8_TM_MOTHN_CNT>
							<LUNCH_NMPR_CNT><![CDATA[128]]></LUNCH_NMPR_CNT>
							<LNMEAL_NMPR_CNT><![CDATA[24]]></LNMEAL_NMPR_CNT>
							<RSTRNT_LUNCH_UPC><![CDATA[4500]]></RSTRNT_LUNCH_UPC>
							<RSTRNT_LNMEAL_UPC><![CDATA[6000]]></RSTRNT_LNMEAL_UPC>
						</w2:row>
						<w2:row>
							<STORECD><![CDATA[11064]]></STORECD>
							<STORENM><![CDATA[양천구청]]></STORENM>
							<CLOSE_SE_CODE><![CDATA[0]]></CLOSE_SE_CODE>
							<APPLC_DE><![CDATA[20140101]]></APPLC_DE>
							<BELOW><![CDATA[18]]></BELOW>
							<ATTEND_8_TM_BELOW_CNT><![CDATA[19]]></ATTEND_8_TM_BELOW_CNT>
							<MONTHN><![CDATA[129]]></MONTHN>
							<ATTEND_8_TM_MOTHN_CNT><![CDATA[139]]></ATTEND_8_TM_MOTHN_CNT>
							<LUNCH_NMPR_CNT><![CDATA[136]]></LUNCH_NMPR_CNT>
							<LNMEAL_NMPR_CNT><![CDATA[27]]></LNMEAL_NMPR_CNT>
							<RSTRNT_LUNCH_UPC><![CDATA[5000]]></RSTRNT_LUNCH_UPC>
							<RSTRNT_LNMEAL_UPC><![CDATA[6000]]></RSTRNT_LNMEAL_UPC>
						</w2:row>
						<w2:row>
							<STORECD><![CDATA[11064]]></STORECD>
							<STORENM><![CDATA[양천구청]]></STORENM>
							<CLOSE_SE_CODE><![CDATA[0]]></CLOSE_SE_CODE>
							<APPLC_DE><![CDATA[20140102]]></APPLC_DE>
							<BELOW><![CDATA[15]]></BELOW>
							<ATTEND_8_TM_BELOW_CNT><![CDATA[27]]></ATTEND_8_TM_BELOW_CNT>
							<MONTHN><![CDATA[134]]></MONTHN>
							<ATTEND_8_TM_MOTHN_CNT><![CDATA[127]]></ATTEND_8_TM_MOTHN_CNT>
							<LUNCH_NMPR_CNT><![CDATA[139]]></LUNCH_NMPR_CNT>
							<LNMEAL_NMPR_CNT><![CDATA[19]]></LNMEAL_NMPR_CNT>
							<RSTRNT_LUNCH_UPC><![CDATA[4000]]></RSTRNT_LUNCH_UPC>
							<RSTRNT_LNMEAL_UPC><![CDATA[6000]]></RSTRNT_LNMEAL_UPC>
						</w2:row>
						<w2:row>
							<STORECD><![CDATA[11064]]></STORECD>
							<STORENM><![CDATA[양천구청]]></STORENM>
							<CLOSE_SE_CODE><![CDATA[0]]></CLOSE_SE_CODE>
							<APPLC_DE><![CDATA[20140103]]></APPLC_DE>
							<BELOW><![CDATA[20]]></BELOW>
							<ATTEND_8_TM_BELOW_CNT><![CDATA[18]]></ATTEND_8_TM_BELOW_CNT>
							<MONTHN><![CDATA[127]]></MONTHN>
							<ATTEND_8_TM_MOTHN_CNT><![CDATA[131]]></ATTEND_8_TM_MOTHN_CNT>
							<LUNCH_NMPR_CNT><![CDATA[127]]></LUNCH_NMPR_CNT>
							<LNMEAL_NMPR_CNT><![CDATA[26]]></LNMEAL_NMPR_CNT>
							<RSTRNT_LUNCH_UPC><![CDATA[4000]]></RSTRNT_LUNCH_UPC>
							<RSTRNT_LNMEAL_UPC><![CDATA[6000]]></RSTRNT_LNMEAL_UPC>
						</w2:row>
						<w2:row>
							<STORECD><![CDATA[11064]]></STORECD>
							<STORENM><![CDATA[양천구청]]></STORENM>
							<CLOSE_SE_CODE><![CDATA[0]]></CLOSE_SE_CODE>
							<APPLC_DE><![CDATA[20140104]]></APPLC_DE>
							<BELOW><![CDATA[13]]></BELOW>
							<ATTEND_8_TM_BELOW_CNT><![CDATA[23]]></ATTEND_8_TM_BELOW_CNT>
							<MONTHN><![CDATA[138]]></MONTHN>
							<ATTEND_8_TM_MOTHN_CNT><![CDATA[125]]></ATTEND_8_TM_MOTHN_CNT>
							<LUNCH_NMPR_CNT><![CDATA[139]]></LUNCH_NMPR_CNT>
							<LNMEAL_NMPR_CNT><![CDATA[30]]></LNMEAL_NMPR_CNT>
							<RSTRNT_LUNCH_UPC><![CDATA[5000]]></RSTRNT_LUNCH_UPC>
							<RSTRNT_LNMEAL_UPC><![CDATA[6000]]></RSTRNT_LNMEAL_UPC>
						</w2:row>
						<w2:row>
							<STORECD><![CDATA[11033]]></STORECD>
							<STORENM><![CDATA[광화문]]></STORENM>
							<CLOSE_SE_CODE><![CDATA[0]]></CLOSE_SE_CODE>
							<APPLC_DE><![CDATA[20131229]]></APPLC_DE>
							<BELOW><![CDATA[31]]></BELOW>
							<ATTEND_8_TM_BELOW_CNT><![CDATA[15]]></ATTEND_8_TM_BELOW_CNT>
							<MONTHN><![CDATA[118]]></MONTHN>
							<ATTEND_8_TM_MOTHN_CNT><![CDATA[132]]></ATTEND_8_TM_MOTHN_CNT>
							<LUNCH_NMPR_CNT><![CDATA[140]]></LUNCH_NMPR_CNT>
							<LNMEAL_NMPR_CNT><![CDATA[34]]></LNMEAL_NMPR_CNT>
							<RSTRNT_LUNCH_UPC><![CDATA[4000]]></RSTRNT_LUNCH_UPC>
							<RSTRNT_LNMEAL_UPC><![CDATA[6000]]></RSTRNT_LNMEAL_UPC>
						</w2:row>
						<w2:row>
							<STORECD><![CDATA[11033]]></STORECD>
							<STORENM><![CDATA[광화문]]></STORENM>
							<CLOSE_SE_CODE><![CDATA[0]]></CLOSE_SE_CODE>
							<APPLC_DE><![CDATA[20131230]]></APPLC_DE>
							<BELOW><![CDATA[23]]></BELOW>
							<ATTEND_8_TM_BELOW_CNT><![CDATA[23]]></ATTEND_8_TM_BELOW_CNT>
							<MONTHN><![CDATA[119]]></MONTHN>
							<ATTEND_8_TM_MOTHN_CNT><![CDATA[128]]></ATTEND_8_TM_MOTHN_CNT>
							<LUNCH_NMPR_CNT><![CDATA[128]]></LUNCH_NMPR_CNT>
							<LNMEAL_NMPR_CNT><![CDATA[24]]></LNMEAL_NMPR_CNT>
							<RSTRNT_LUNCH_UPC><![CDATA[4500]]></RSTRNT_LUNCH_UPC>
							<RSTRNT_LNMEAL_UPC><![CDATA[6000]]></RSTRNT_LNMEAL_UPC>
						</w2:row>
						<w2:row>
							<STORECD><![CDATA[11033]]></STORECD>
							<STORENM><![CDATA[광화문]]></STORENM>
							<CLOSE_SE_CODE><![CDATA[0]]></CLOSE_SE_CODE>
							<APPLC_DE><![CDATA[20131231]]></APPLC_DE>
							<BELOW><![CDATA[26]]></BELOW>
							<ATTEND_8_TM_BELOW_CNT><![CDATA[26]]></ATTEND_8_TM_BELOW_CNT>
							<MONTHN><![CDATA[120]]></MONTHN>
							<ATTEND_8_TM_MOTHN_CNT><![CDATA[126]]></ATTEND_8_TM_MOTHN_CNT>
							<LUNCH_NMPR_CNT><![CDATA[111]]></LUNCH_NMPR_CNT>
							<LNMEAL_NMPR_CNT><![CDATA[26]]></LNMEAL_NMPR_CNT>
							<RSTRNT_LUNCH_UPC><![CDATA[4500]]></RSTRNT_LUNCH_UPC>
							<RSTRNT_LNMEAL_UPC><![CDATA[6000]]></RSTRNT_LNMEAL_UPC>
						</w2:row>
						<w2:row>
							<STORECD><![CDATA[11033]]></STORECD>
							<STORENM><![CDATA[광화문]]></STORENM>
							<CLOSE_SE_CODE><![CDATA[0]]></CLOSE_SE_CODE>
							<APPLC_DE><![CDATA[20140101]]></APPLC_DE>
							<BELOW><![CDATA[18]]></BELOW>
							<ATTEND_8_TM_BELOW_CNT><![CDATA[30]]></ATTEND_8_TM_BELOW_CNT>
							<MONTHN><![CDATA[131]]></MONTHN>
							<ATTEND_8_TM_MOTHN_CNT><![CDATA[135]]></ATTEND_8_TM_MOTHN_CNT>
							<LUNCH_NMPR_CNT><![CDATA[138]]></LUNCH_NMPR_CNT>
							<LNMEAL_NMPR_CNT><![CDATA[34]]></LNMEAL_NMPR_CNT>
							<RSTRNT_LUNCH_UPC><![CDATA[4000]]></RSTRNT_LUNCH_UPC>
							<RSTRNT_LNMEAL_UPC><![CDATA[6000]]></RSTRNT_LNMEAL_UPC>
						</w2:row>
						<w2:row>
							<STORECD><![CDATA[11033]]></STORECD>
							<STORENM><![CDATA[광화문]]></STORENM>
							<CLOSE_SE_CODE><![CDATA[0]]></CLOSE_SE_CODE>
							<APPLC_DE><![CDATA[20140102]]></APPLC_DE>
							<BELOW><![CDATA[21]]></BELOW>
							<ATTEND_8_TM_BELOW_CNT><![CDATA[23]]></ATTEND_8_TM_BELOW_CNT>
							<MONTHN><![CDATA[107]]></MONTHN>
							<ATTEND_8_TM_MOTHN_CNT><![CDATA[128]]></ATTEND_8_TM_MOTHN_CNT>
							<LUNCH_NMPR_CNT><![CDATA[120]]></LUNCH_NMPR_CNT>
							<LNMEAL_NMPR_CNT><![CDATA[28]]></LNMEAL_NMPR_CNT>
							<RSTRNT_LUNCH_UPC><![CDATA[4800]]></RSTRNT_LUNCH_UPC>
							<RSTRNT_LNMEAL_UPC><![CDATA[6000]]></RSTRNT_LNMEAL_UPC>
						</w2:row>
						<w2:row>
							<STORECD><![CDATA[11033]]></STORECD>
							<STORENM><![CDATA[광화문]]></STORENM>
							<CLOSE_SE_CODE><![CDATA[0]]></CLOSE_SE_CODE>
							<APPLC_DE><![CDATA[20140103]]></APPLC_DE>
							<BELOW><![CDATA[16]]></BELOW>
							<ATTEND_8_TM_BELOW_CNT><![CDATA[15]]></ATTEND_8_TM_BELOW_CNT>
							<MONTHN><![CDATA[128]]></MONTHN>
							<ATTEND_8_TM_MOTHN_CNT><![CDATA[133]]></ATTEND_8_TM_MOTHN_CNT>
							<LUNCH_NMPR_CNT><![CDATA[131]]></LUNCH_NMPR_CNT>
							<LNMEAL_NMPR_CNT><![CDATA[38]]></LNMEAL_NMPR_CNT>
							<RSTRNT_LUNCH_UPC><![CDATA[4500]]></RSTRNT_LUNCH_UPC>
							<RSTRNT_LNMEAL_UPC><![CDATA[6000]]></RSTRNT_LNMEAL_UPC>
						</w2:row>
						<w2:row>
							<STORECD><![CDATA[11033]]></STORECD>
							<STORENM><![CDATA[광화문]]></STORENM>
							<CLOSE_SE_CODE><![CDATA[0]]></CLOSE_SE_CODE>
							<APPLC_DE><![CDATA[20140104]]></APPLC_DE>
							<BELOW><![CDATA[22]]></BELOW>
							<ATTEND_8_TM_BELOW_CNT><![CDATA[27]]></ATTEND_8_TM_BELOW_CNT>
							<MONTHN><![CDATA[119]]></MONTHN>
							<ATTEND_8_TM_MOTHN_CNT><![CDATA[131]]></ATTEND_8_TM_MOTHN_CNT>
							<LUNCH_NMPR_CNT><![CDATA[130]]></LUNCH_NMPR_CNT>
							<LNMEAL_NMPR_CNT><![CDATA[27]]></LNMEAL_NMPR_CNT>
							<RSTRNT_LUNCH_UPC><![CDATA[5000]]></RSTRNT_LUNCH_UPC>
							<RSTRNT_LNMEAL_UPC><![CDATA[6000]]></RSTRNT_LNMEAL_UPC>
						</w2:row>
						<w2:row>
							<STORECD><![CDATA[11015]]></STORECD>
							<STORENM><![CDATA[역삼]]></STORENM>
							<CLOSE_SE_CODE><![CDATA[0]]></CLOSE_SE_CODE>
							<APPLC_DE><![CDATA[20131229]]></APPLC_DE>
							<BELOW><![CDATA[40]]></BELOW>
							<ATTEND_8_TM_BELOW_CNT><![CDATA[22]]></ATTEND_8_TM_BELOW_CNT>
							<MONTHN><![CDATA[155]]></MONTHN>
							<ATTEND_8_TM_MOTHN_CNT><![CDATA[145]]></ATTEND_8_TM_MOTHN_CNT>
							<LUNCH_NMPR_CNT><![CDATA[166]]></LUNCH_NMPR_CNT>
							<LNMEAL_NMPR_CNT><![CDATA[26]]></LNMEAL_NMPR_CNT>
							<RSTRNT_LUNCH_UPC><![CDATA[5000]]></RSTRNT_LUNCH_UPC>
							<RSTRNT_LNMEAL_UPC><![CDATA[6000]]></RSTRNT_LNMEAL_UPC>
						</w2:row>
						<w2:row>
							<STORECD><![CDATA[11015]]></STORECD>
							<STORENM><![CDATA[역삼]]></STORENM>
							<CLOSE_SE_CODE><![CDATA[0]]></CLOSE_SE_CODE>
							<APPLC_DE><![CDATA[20131230]]></APPLC_DE>
							<BELOW><![CDATA[23]]></BELOW>
							<ATTEND_8_TM_BELOW_CNT><![CDATA[34]]></ATTEND_8_TM_BELOW_CNT>
							<MONTHN><![CDATA[153]]></MONTHN>
							<ATTEND_8_TM_MOTHN_CNT><![CDATA[136]]></ATTEND_8_TM_MOTHN_CNT>
							<LUNCH_NMPR_CNT><![CDATA[156]]></LUNCH_NMPR_CNT>
							<LNMEAL_NMPR_CNT><![CDATA[34]]></LNMEAL_NMPR_CNT>
							<RSTRNT_LUNCH_UPC><![CDATA[5000]]></RSTRNT_LUNCH_UPC>
							<RSTRNT_LNMEAL_UPC><![CDATA[6000]]></RSTRNT_LNMEAL_UPC>
						</w2:row>
						<w2:row>
							<STORECD><![CDATA[11015]]></STORECD>
							<STORENM><![CDATA[역삼]]></STORENM>
							<CLOSE_SE_CODE><![CDATA[0]]></CLOSE_SE_CODE>
							<APPLC_DE><![CDATA[20131231]]></APPLC_DE>
							<BELOW><![CDATA[26]]></BELOW>
							<ATTEND_8_TM_BELOW_CNT><![CDATA[28]]></ATTEND_8_TM_BELOW_CNT>
							<MONTHN><![CDATA[142]]></MONTHN>
							<ATTEND_8_TM_MOTHN_CNT><![CDATA[125]]></ATTEND_8_TM_MOTHN_CNT>
							<LUNCH_NMPR_CNT><![CDATA[154]]></LUNCH_NMPR_CNT>
							<LNMEAL_NMPR_CNT><![CDATA[45]]></LNMEAL_NMPR_CNT>
							<RSTRNT_LUNCH_UPC><![CDATA[5000]]></RSTRNT_LUNCH_UPC>
							<RSTRNT_LNMEAL_UPC><![CDATA[6000]]></RSTRNT_LNMEAL_UPC>
						</w2:row>
						<w2:row>
							<STORECD><![CDATA[11015]]></STORECD>
							<STORENM><![CDATA[역삼]]></STORENM>
							<CLOSE_SE_CODE><![CDATA[0]]></CLOSE_SE_CODE>
							<APPLC_DE><![CDATA[20140101]]></APPLC_DE>
							<BELOW><![CDATA[31]]></BELOW>
							<ATTEND_8_TM_BELOW_CNT><![CDATA[31]]></ATTEND_8_TM_BELOW_CNT>
							<MONTHN><![CDATA[135]]></MONTHN>
							<ATTEND_8_TM_MOTHN_CNT><![CDATA[131]]></ATTEND_8_TM_MOTHN_CNT>
							<LUNCH_NMPR_CNT><![CDATA[145]]></LUNCH_NMPR_CNT>
							<LNMEAL_NMPR_CNT><![CDATA[23]]></LNMEAL_NMPR_CNT>
							<RSTRNT_LUNCH_UPC><![CDATA[5000]]></RSTRNT_LUNCH_UPC>
							<RSTRNT_LNMEAL_UPC><![CDATA[6000]]></RSTRNT_LNMEAL_UPC>
						</w2:row>
						<w2:row>
							<STORECD><![CDATA[11015]]></STORECD>
							<STORENM><![CDATA[역삼]]></STORENM>
							<CLOSE_SE_CODE><![CDATA[0]]></CLOSE_SE_CODE>
							<APPLC_DE><![CDATA[20140102]]></APPLC_DE>
							<BELOW><![CDATA[27]]></BELOW>
							<ATTEND_8_TM_BELOW_CNT><![CDATA[29]]></ATTEND_8_TM_BELOW_CNT>
							<MONTHN><![CDATA[128]]></MONTHN>
							<ATTEND_8_TM_MOTHN_CNT><![CDATA[129]]></ATTEND_8_TM_MOTHN_CNT>
							<LUNCH_NMPR_CNT><![CDATA[126]]></LUNCH_NMPR_CNT>
							<LNMEAL_NMPR_CNT><![CDATA[44]]></LNMEAL_NMPR_CNT>
							<RSTRNT_LUNCH_UPC><![CDATA[5000]]></RSTRNT_LUNCH_UPC>
							<RSTRNT_LNMEAL_UPC><![CDATA[6000]]></RSTRNT_LNMEAL_UPC>
						</w2:row>
						<w2:row>
							<STORECD><![CDATA[11015]]></STORECD>
							<STORENM><![CDATA[역삼]]></STORENM>
							<CLOSE_SE_CODE><![CDATA[0]]></CLOSE_SE_CODE>
							<APPLC_DE><![CDATA[20140103]]></APPLC_DE>
							<BELOW><![CDATA[17]]></BELOW>
							<ATTEND_8_TM_BELOW_CNT><![CDATA[20]]></ATTEND_8_TM_BELOW_CNT>
							<MONTHN><![CDATA[138]]></MONTHN>
							<ATTEND_8_TM_MOTHN_CNT><![CDATA[127]]></ATTEND_8_TM_MOTHN_CNT>
							<LUNCH_NMPR_CNT><![CDATA[129]]></LUNCH_NMPR_CNT>
							<LNMEAL_NMPR_CNT><![CDATA[55]]></LNMEAL_NMPR_CNT>
							<RSTRNT_LUNCH_UPC><![CDATA[5000]]></RSTRNT_LUNCH_UPC>
							<RSTRNT_LNMEAL_UPC><![CDATA[6000]]></RSTRNT_LNMEAL_UPC>
						</w2:row>
						<w2:row>
							<STORECD><![CDATA[11015]]></STORECD>
							<STORENM><![CDATA[역삼]]></STORENM>
							<CLOSE_SE_CODE><![CDATA[0]]></CLOSE_SE_CODE>
							<APPLC_DE><![CDATA[20140104]]></APPLC_DE>
							<BELOW><![CDATA[23]]></BELOW>
							<ATTEND_8_TM_BELOW_CNT><![CDATA[15]]></ATTEND_8_TM_BELOW_CNT>
							<MONTHN><![CDATA[145]]></MONTHN>
							<ATTEND_8_TM_MOTHN_CNT><![CDATA[110]]></ATTEND_8_TM_MOTHN_CNT>
							<LUNCH_NMPR_CNT><![CDATA[120]]></LUNCH_NMPR_CNT>
							<LNMEAL_NMPR_CNT><![CDATA[60]]></LNMEAL_NMPR_CNT>
							<RSTRNT_LUNCH_UPC><![CDATA[5000]]></RSTRNT_LUNCH_UPC>
							<RSTRNT_LNMEAL_UPC><![CDATA[6000]]></RSTRNT_LNMEAL_UPC>
						</w2:row>
					</w2:data>
				</w2:dataList>
			</w2:dataCollection>
		</xf:model>
		<script type="text/javascript" lazy="false"><![CDATA[
			var gValue= {};
			scwin.onpageload = function() {
				gValue.gridID = gridView1.getID();
			};
			
			scwin.onpageunload = function() {
			
			};
		
			checkbox1_oncheckboxclick = function(index,checked,value) {
				switch( index+"") {
						case "0" : if( checked ){
								$( ".gridSubtotalDefault" ).css( "display", "none" );
							} else {
								$( ".gridSubtotalDefault" ).css( "display", "" );
							}
							break;
						case "1" :
							var tcid = Object.keys(gridView1.subtotalTableList)[0];	// ie9이상 지원
							if( checked ){
								$("tr[targetcolumnid='"+tcid+"']:not([style='display: none;'])").each(function(){
								  var value = $(this).prev().find("td[col_id='"+tcid+"'] nobr")[0].innerHTML;
								  $(this).insertBefore($("tr:has(nobr:contains('"+value+"'))").first());
								});
							} else {
								$("tr[targetcolumnid='"+tcid+"']:not([style='display: none;'])").each(function(){
								  var value = $(this).next().find("td[col_id='"+tcid+"'] nobr")[0].innerHTML;
								  $(this).insertAfter($("tr:has(nobr:contains('"+value+"'))").last());
								});
							
							}
							break;
						case "2" : if( checked ){
								$("#"+gValue.gridID+"_gridFooterTDDefault_tbody").css( "display", "none" );
		                       	$("#"+gValue.gridID+"_dataLayer").css("bottom", "0px");
		                    } else{
		                        $("#"+gValue.gridID+"_gridFooterTDDefault_tbody").css( "display", "" );
		                        $("#"+gValue.gridID+"_dataLayer").css("bottom", "22px");
		                    }
		                    break;
		               case "3" : if( checked ){
		                        $(".gridHeaderTableDefault .gridHeaderTableDefault").after($("#"+gValue.gridID+"_gridFooterTDDefault_tbody"));
		                        $("#"+gValue.gridID+"_dataLayer").css("bottom", "0px");
		                    } else{
		                        $(".gridFooterTableDefault").append($("#"+gValue.gridID+"_gridFooterTDDefault_tbody"));
		                        $("#"+gValue.gridID+"_dataLayer").css("bottom", "22px");
		                    }
		                    break;
					}
			};
			
			checkbox1_onlabelclick = checkbox1_oncheckboxclick;
        
         ]]></script>
	</head>
	<body ev:onpageload="scwin.onpageload" ev:onpageunload="scwin.onpageunload">
		<xf:group id="group1" style="display:table;width:100%;height:100%;">
			<xf:group id="group2" style="vertical-align:middle;text-align:center;display:table-cell;">
				<xf:group id="group3" style="display:inline-block;padding:30px;">
					<w2:textbox class="titlebox" dataType="" id="textbox1" label="SubTotal" style=""></w2:textbox>
					<xf:group style="width:100%;height:29px;" id="">
						<xf:select appearance="full" ev:onlabelclick="checkbox1_onlabelclick" ev:oncheckboxclick="checkbox1_oncheckboxclick"
							style="float:right;margin:5px;" id="checkbox1" selectedindex="-1" rows="" cols="4">
							<xf:choices>
								<xf:item>
									<xf:label>소계 숨김</xf:label>
									<xf:value>1</xf:value>
								</xf:item>
								<xf:item>
									<xf:label><![CDATA[소계 상단]]></xf:label>
									<xf:value><![CDATA[2]]></xf:value>
								</xf:item>
								<xf:item>
									<xf:label>합계 숨김</xf:label>
									<xf:value>3</xf:value>
								</xf:item>
								<xf:item>
									<xf:label>합계 상단</xf:label>
									<xf:value>4</xf:value>
								</xf:item>
							</xf:choices>
						</xf:select>
					</xf:group>
					<w2:gridView scrollByColumn="false" id="gridView1" useShiftKey="true" fixedColumnWithHidden="true"
						style="width: 1000px;height: 500px;" dataList="dataList1" loadCount="1" autoFit="lastColumn" oddEvenColorDisplay="false"
						fixedColumn="3" fastScroll="false" visibleRowNum="all">
						<w2:header style="" id="header3">
							<w2:row id="row34" style="">
								<w2:column id="column887" style="height:60px" inputType="text" width="60" rowSpan="3" value="점포&lt;br/&gt;코드">
								</w2:column>
								<w2:column id="column886" style="height:60px" inputType="text" width="70" rowSpan="3" value="점포명" />
								<w2:column id="column840" inputType="text" rowSpan="3" style="height:20px;" value="마감&lt;br/&gt;여부" width="60">
								</w2:column>
								<w2:column id="column841" inputType="text" rowSpan="3" style="height:20px;" value="일자" width="100" />
								<w2:column colSpan="4" id="column842" inputType="text" style="height:20px;" value="출근 인원" width="280" />
								<w2:column id="column3" inputType="text" rowSpan="3" style="height:20px;" value="기준&lt;br/&gt;식수" width="50">
								</w2:column>
								<w2:column colSpan="3" id="column5" inputType="text" style="height:20px;" value="급식 인원" width="210" />
								<w2:column id="column867" style="height:60px" inputType="text" width="70" rowSpan="3" value="중식&lt;br/&gt;단가">
								</w2:column>
								<w2:column id="column872" style="height:60px" inputType="text" width="70" rowSpan="3" value="야식&lt;br/&gt;단가">
								</w2:column>
								<w2:column id="column877" style="height:60px" inputType="text" width="75" rowSpan="3" value="중식&lt;br/&gt;금액">
								</w2:column>
								<w2:column id="column882" style="height:60px" inputType="text" width="75" rowSpan="3" value="야식&lt;br/&gt;금액">
								</w2:column>
								<w2:column id="column35" inputType="text" rowSpan="3" style="height:20px;" value="특이사항" width="85" yearSuffix=""
									allOption="" allowChar="" />
							</w2:row>
							<w2:row id="row1" style="">
								<w2:column colSpan="2" id="column12" inputType="text" style="height:20px;" value="8시간 미만 근무자" width="140" />
								<w2:column colSpan="2" id="column10" inputType="text" style="height:20px;" value="8시간 이상 근무자" width="140" />
								<w2:column id="column7" inputType="link" rowSpan="2" style="height:20px;" value="중식" width="65" />
								<w2:column id="column28" inputType="link" rowSpan="2" style="height:20px;" value="야식" width="65" />
								<w2:column id="column32" inputType="text" rowSpan="2" style="height:20px;" value="합계" width="65" />
							</w2:row>
							<w2:row id="row2" style="">
								<w2:column id="column22" inputType="text" style="height:20px;" value="전주결과" width="70" />
								<w2:column id="column21" inputType="link" style="height:20px;" value="금주계획" width="70" />
								<w2:column id="column20" inputType="text" style="height:20px;" value="전주결과" width="70" />
								<w2:column id="column19" inputType="link" style="height:20px;" value="금주계획" width="70" />
							</w2:row>
						</w2:header>
						<w2:gBody style="" id="gBody3">
							<w2:row style="" id="row10">
								<w2:column width="70" inputType="text" style="height:20px" id="STORECD" blockSelect="false"></w2:column>
								<w2:column width="70" inputType="text" style="height:20px" id="STORENM" blockSelect="false" hidden="true"></w2:column>
								<w2:column width="70" inputType="select" style="height:20px" id="CLOSE_SE_CODE" blockSelect="false" upperColumn="STORENM"
									colMerge="true">
									<w2:choices>
										<w2:item>
											<w2:label>미마감</w2:label>
											<w2:value>0</w2:value>
										</w2:item>
										<w2:item>
											<w2:label>마감</w2:label>
											<w2:value>1</w2:value>
										</w2:item>
									</w2:choices>
								</w2:column>
								<w2:column width="70" inputType="text" style="height:20px" id="APPLC_DE" blockSelect="false"
									displayFormat="yyyy-MM-dd(EEE)"></w2:column>
								<w2:column width="70" inputType="text" style="height:20px" id="BELOW" blockSelect="false" displayFormat="#,###"
									textAlign="right"></w2:column>
								<w2:column width="70" inputType="text" style="height:20px" id="ATTEND_8_TM_BELOW_CNT" blockSelect="false"
									textAlign="right" displayFormat="#,###"></w2:column>
								<w2:column width="70" inputType="text" style="height:20px" id="MONTHN" blockSelect="false" displayFormat="#,###"
									textAlign="right"></w2:column>
								<w2:column width="70" inputType="text" style="height:20px" id="ATTEND_8_TM_MOTHN_CNT" blockSelect="false"
									displayFormat="#,###" textAlign="right"></w2:column>
								<w2:column width="70" inputType="expression" style="height:20px" id="CAL1" blockSelect="false"
									expression="(isNaN(parseInt(display('ATTEND_8_TM_BELOW_CNT'))) ? 0 : parseInt(display('ATTEND_8_TM_BELOW_CNT'))) +  (isNaN(parseInt(display('ATTEND_8_TM_MOTHN_CNT'))) ?  0 : parseInt( display('ATTEND_8_TM_MOTHN_CNT')) )"
									displayFormat="#,###" textAlign="right"></w2:column>
								<w2:column width="70" inputType="text" style="height:20px" id="LUNCH_NMPR_CNT" blockSelect="false" textAlign="right"
									displayFormat="#,###"></w2:column>
								<w2:column width="70" inputType="text" style="height:20px" id="LNMEAL_NMPR_CNT" blockSelect="false" textAlign="right"
									displayFormat="#,###"></w2:column>
								<w2:column width="70" inputType="expression" style="height:20px" id="CAL2" blockSelect="false" displayFormat="#,###"
									textAlign="right"
									expression="(isNaN(parseInt(display('LUNCH_NMPR_CNT'))) ? 0 : parseInt(display('LUNCH_NMPR_CNT'))) +  (isNaN(parseInt(display('LNMEAL_NMPR_CNT'))) ?  0 : parseInt( display('LNMEAL_NMPR_CNT')) )"></w2:column>
								<w2:column width="70" inputType="text" style="height:20px" id="RSTRNT_LUNCH_UPC" blockSelect="false" displayFormat="#,###"
									textAlign="right" hidden="true"></w2:column>
								<w2:column width="70" inputType="text" style="height:20px" id="RSTRNT_LNMEAL_UPC" blockSelect="false"
									displayFormat="#,###" textAlign="right" hidden="true"></w2:column>
								<w2:column width="70" inputType="expression" style="height:20px" id="LUNCH_AMT" blockSelect="false" displayFormat="#,###"
									textAlign="right"
									expression="(isNaN(parseInt(display('LUNCH_NMPR_CNT'))) ? 0 : parseInt(display('LUNCH_NMPR_CNT'))) *  (isNaN(parseInt(display('RSTRNT_LUNCH_UPC'))) ?  0 : parseInt( display('RSTRNT_LUNCH_UPC')) )"></w2:column>
								<w2:column width="70" inputType="expression" style="height:20px" id="LNMEAL_AMT" blockSelect="false"
									expression="(isNaN(parseInt(display('LNMEAL_NMPR_CNT'))) ? 0 : parseInt(display('LNMEAL_NMPR_CNT'))) *  (isNaN(parseInt(display('RSTRNT_LNMEAL_UPC'))) ?  0 : parseInt( display('RSTRNT_LNMEAL_UPC')) )"
									textAlign="right" displayFormat="#,###"></w2:column>
								<w2:column width="70" inputType="text" style="height:20px" id="REMARKS" blockSelect="false" textAlign="left"></w2:column>
							</w2:row>
						</w2:gBody>
						<w2:subTotal id="subTotal4" style="" targetColumnID="STORECD">
							<w2:row id="row11" style="">
								<w2:column id="column163" style="height:20px" width="280" inputType="text" colSpan="4" value="소계 (합)">
								</w2:column>
								<w2:column id="column159" style="height:20px" width="70" inputType="expression" expression="sum('BELOW')"
									textAlign="right" dataType="number" displayFormat="#,###">
								</w2:column>
								<w2:column id="column158" style="height:20px" width="70" inputType="expression" expression="sum('ATTEND_8_TM_BELOW_CNT')"
									textAlign="right" dataType="number" displayFormat="#,###">
								</w2:column>
								<w2:column id="column157" style="height:20px" width="70" inputType="expression" expression="sum('MONTHN')"
									textAlign="right" dataType="number" displayFormat="#,###">
								</w2:column>
								<w2:column id="column156" style="height:20px" width="70" inputType="expression" expression="sum('ATTEND_8_TM_MOTHN_CNT')"
									textAlign="right" dataType="number" displayFormat="#,###">
								</w2:column>
								<w2:column id="column155" style="height:20px" width="70" inputType="expression" expression="sum('CAL1')" textAlign="right"
									dataType="number" displayFormat="#,###">
								</w2:column>
								<w2:column id="column154" style="height:20px" width="70" inputType="expression" expression="sum('LUNCH_NMPR_CNT')"
									textAlign="right" dataType="number" displayFormat="#,###">
								</w2:column>
								<w2:column id="column153" style="height:20px" width="70" inputType="expression" expression="sum('LNMEAL_NMPR_CNT')"
									textAlign="right" dataType="number" displayFormat="#,###">
								</w2:column>
								<w2:column id="column152" style="height:20px" width="70" inputType="expression" expression="sum('CAL2')" textAlign="right"
									dataType="number" displayFormat="#,###">
								</w2:column>
								<w2:column id="column151" style="height:20px" width="70" inputType="expression" expression="sum('RSTRNT_LUNCH_UPC')"
									textAlign="right" dataType="number" displayFormat="#,###">
								</w2:column>
								<w2:column id="column150" style="height:20px" width="70" inputType="expression" expression="sum('RSTRNT_LNMEAL_UPC')"
									textAlign="right" dataType="number" displayFormat="#,###">
								</w2:column>
								<w2:column id="column149" style="height:20px" width="70" inputType="expression" expression="sum('LUNCH_AMT')"
									textAlign="right" dataType="number" displayFormat="#,###">
								</w2:column>
								<w2:column id="column148" style="height:20px" width="70" inputType="expression" expression="sum('LNMEAL_AMT')"
									textAlign="right" dataType="number" displayFormat="#,###">
								</w2:column>
								<w2:column id="column147" style="height:20px" width="70" inputType="text" />
							</w2:row>
						</w2:subTotal>
						<w2:footer id="footer2" style="" class="">
							<w2:row id="row10" style="">
								<w2:column id="column146" style="height:20px" inputType="text" width="280" colSpan="4" value="합계 (합)" />
								<w2:column id="column130" style="height:20px" inputType="expression" width="70" expression="sum('BELOW')                "
									dataType="number" displayFormat="#,###" textAlign="right">
								</w2:column>
								<w2:column id="column126" style="height:20px" inputType="expression" width="70" expression="sum('ATTEND_8_TM_BELOW_CNT')"
									dataType="number" displayFormat="#,###" textAlign="right">
								</w2:column>
								<w2:column id="column122" style="height:20px" inputType="expression" width="70" expression="sum('MONTHN')               "
									dataType="number" displayFormat="#,###" textAlign="right">
								</w2:column>
								<w2:column id="column118" style="height:20px" inputType="expression" width="70" expression="sum('ATTEND_8_TM_MOTHN_CNT')"
									dataType="number" displayFormat="#,###" textAlign="right">
								</w2:column>
								<w2:column id="column114" style="height:20px" inputType="expression" width="70" expression="sum('CAL1')                 "
									dataType="number" displayFormat="#,###" textAlign="right">
								</w2:column>
								<w2:column id="column110" style="height:20px" inputType="expression" width="70" expression="sum('LUNCH_NMPR_CNT')       "
									dataType="number" displayFormat="#,###" textAlign="right">
								</w2:column>
								<w2:column id="column106" style="height:20px" inputType="expression" width="70" expression="sum('LNMEAL_NMPR_CNT')      "
									dataType="number" displayFormat="#,###" textAlign="right">
								</w2:column>
								<w2:column id="column102" style="height:20px" inputType="expression" width="70" expression="sum('CAL2')                 "
									dataType="number" displayFormat="#,###" textAlign="right">
								</w2:column>
								<w2:column id="column98" style="height:20px" inputType="expression" width="70" expression="sum('RSTRNT_LUNCH_UPC')     "
									dataType="number" displayFormat="#,###" textAlign="right">
								</w2:column>
								<w2:column id="column94" style="height:20px" inputType="expression" width="70" expression="sum('RSTRNT_LNMEAL_UPC')    "
									dataType="number" displayFormat="#,###" textAlign="right">
								</w2:column>
								<w2:column id="column90" style="height:20px" inputType="expression" width="70" expression="sum('LUNCH_AMT')            "
									dataType="number" displayFormat="#,###" textAlign="right">
								</w2:column>
								<w2:column id="column86" style="height:20px" inputType="expression" width="70" expression="sum('LNMEAL_AMT')           "
									dataType="number" displayFormat="#,###" textAlign="right">
								</w2:column>
								<w2:column id="column82" style="height:20px" width="70" inputType="text" />
							</w2:row>
						</w2:footer>
					</w2:gridView>
				</xf:group>
			</xf:group>
		</xf:group>
	</body>
</html>
