<?xml version="1.0" encoding="UTF-8"?>
<html xmlns="http://www.w3.org/1999/xhtml"
    xmlns:ev="http://www.w3.org/2001/xml-events"
    xmlns:w2="http://www.inswave.com/websquare" xmlns:xf="http://www.w3.org/2002/xforms">
    <head>
    	<w2:type>COMPONENT</w2:type>
    	<w2:buildDate />
    	<w2:MSA />
    	<xf:model>
    		<w2:dataCollection baseNode="map">
    			<w2:dataList baseNode="list" repeatNode="map" id="dataList1" saveRemovedData="true">
    				<w2:columnInfo>
    					<w2:column id="bnrCn" name="name1" dataType="text"></w2:column>
    					<w2:column id="imgFilePc" name="name2" dataType="text"></w2:column>
    				</w2:columnInfo>
    				<w2:data use="true">
    					<w2:row>
    						<bnrCn><![CDATA[더 나은 세상을 위해 끊임없이 발전하고 노력합니다.(민원신청)]]></bnrCn>
    						<imgFilePc><![CDATA[/cm/images/kics/pp/banner1.jpg]]></imgFilePc>
    					</w2:row>
    					<w2:row>
    						<bnrCn><![CDATA[더 나은 세상을 위해 끊임없이 발전하고 노력합니다22]]></bnrCn>
    						<imgFilePc><![CDATA[/cm/images/kics/pp/banner1.jpg]]></imgFilePc>
    					</w2:row>
    				</w2:data>
    			</w2:dataList>
    		</w2:dataCollection>
    		<w2:workflowCollection />
    	</xf:model>
    	<w2:layoutInfo />
    	<w2:publicInfo method="" />
    	<script type="text/javascript" src="/cm/js/jquery.flexslider-min.js"></script>
    	<script lazy="false" type="text/javascript"><![CDATA[
scwin.onpageload = function() {
    let idx;
    let bnrCn 
    let imgList=dataList1.getAllJSON();
    for(let i in imgList){
        idx=genBig.insertChild();
       // bnrCn='<strong>';
        // bnrCn += imgList[i].bnrCn;
       // bnrCn += '</strong>';

        bnrCn = '<strong>' +imgList[i].bnrCn+'</strong><span class="btn">자세히 보기</span>';
        let webTabUrl = "url("+imgList[i].imgFilePc+")";

        genBig.getChild(idx, "bnr_webtab").setStyle("backgroundImage",webTabUrl);
        genBig.getChild(idx, "btn_bnrBig").setValue(bnrCn);
    }
  

    
	//visual slider
    let $visual=$('.visual_slide');
    let $page=$('.flex_paging');
    let $li= $visual.find('ul li');
    $page.text('1/' + $li.length);
	
    $visual.flexslider({
        animaiton:"fade",
        selector:'ul>li',
        pausePlay:true,
        pauseText: false,
        playText:false,
        controlNav: false,
        controlsContainer : $('.main_slide_ctl'),
        start: function(slider){},
        after: function(slider){
            $page.text(slider.currentSlide + 1 + "/" + $li.length);
        },
    })
};
]]></script>
    </head>
    <body ev:onpageload="scwin.onpageload">
    	<xf:group tagname="main" class="crime_main">
    		<xf:group class="visual_slide">
    			<w2:generator tagname="ul" class="slides" id="genBig">
    				<xf:group tagname="li">
    					<xf:group id="bnr_webtab" class="bg bg_web" style=""></xf:group>
    					<xf:group id="bnr_mobile" class="bg bg_mobile" style=""></xf:group>
   						<w2:anchor outerDiv="false" id="btn_bnrBig" class="contents_w" escape="false">
   							<xf:label></xf:label>
   						</w2:anchor>
    					
    					
    				</xf:group>
    			</w2:generator>
    			
    			<!-- <xf:group tagname="ul" class="slides">
    				<xf:group tagname="li">
    					<xf:group class="" style="background-image:url(/cm/images/kics/pp/banner1.jpg);">
    						<w2:anchor outerDiv="false" id="" class="contents_w" escape="false">
    							<xf:label><![CDATA[<strong>더 나은 세상을 위해 끊임없이 발전하고 노력합니다.</strong>]]></xf:label>
    						</w2:anchor>
    					</xf:group>
    				</xf:group>
    				<xf:group tagname="li">
    					<xf:group class="" style="background-image:url(/cm/images/kics/pp/banner1.jpg);">
    					<w2:anchor outerDiv="false" id="" class="contents_w" escape="false">
    					<xf:label><![CDATA[<strong>더 나은 세상을 위해 끊임없이 발전하고 노력합니다.2</strong>]]></xf:label>
    					</w2:anchor>
    					</xf:group>
    					</xf:group>
    			</xf:group>-->

    			<xf:group class="main_slide_ctl">
    				<w2:span label="2/2 Text" style="" id="" class="flex_paging"></w2:span>
    			</xf:group>
    		</xf:group>
    		<xf:group tagname="section" class="main_section bg_grey">
	    			<w2:textbox id="" label="많이 찾는 민원서비스" style="" tagname="h2"></w2:textbox>
	    			<xf:group class="civil_sv contents_w">
	    				<w2:tabControl id="" alwaysDraw="false" style="" class="base_tab">
	    					<w2:tabs disabled="false" style="" label="전체"></w2:tabs>
	    					<w2:tabs disabled="false" style="" label="경찰"></w2:tabs>
	    					<w2:tabs disabled="false" style="" label="해양경찰"></w2:tabs>
	    					<w2:tabs disabled="false" style="" label="검찰"></w2:tabs>
	    					<w2:tabs disabled="false" style="" label="법무부"></w2:tabs>
	    					<w2:content alwaysDraw="false" id="content1">
	    						<xf:group tagname="ul" class="sv_content">
	    							<xf:group tagname="li">
	    								<xf:trigger type="button" id="" style="" class="ico_fav">
	    									<xf:label><![CDATA[즐겨찾기]]></xf:label>
	    								</xf:trigger>
	    								<xf:group class="top">
	    									<xf:group class="ico_org police">
	    										<w2:span label="경찰" style="" id=""></w2:span>
	    									</xf:group>
	    									<w2:textbox id="" label="불송치 결정 이의신청서 " style="" class="" tagname="strong"></w2:textbox>
	    								</xf:group>
	    								<w2:textbox id="" label="경찰의 사건 불송치에 대해 당사자가 이의를 신청할 수 있습니다." style="" class="sv_desc" tagname="p"></w2:textbox>
	    								<xf:group class="btn_area">
	    									<xf:trigger type="button" id="" style="" class="btn_base gray">
	    										<xf:label><![CDATA[안내]]></xf:label>
	    									</xf:trigger>
	    									<xf:trigger type="button" id="" style="" class="btn_base ico_r">
	    										<xf:label><![CDATA[신청]]></xf:label>
	    									</xf:trigger>
	    								</xf:group>
	    							</xf:group>
	    							<xf:group tagname="li">
	    								<xf:trigger type="button" id="" style="" class="ico_fav">
	    									<xf:label><![CDATA[즐겨찾기]]></xf:label>
	    								</xf:trigger>
	    								<xf:group class="top">
	    									<xf:group class="ico_org sea_police">
	    										<w2:span label="해양경찰" style="" id=""></w2:span>
	    									</xf:group>
	    									<w2:textbox id="" label="불송치 결정 이의신청서 " style="" class="" tagname="strong"></w2:textbox>
	    								</xf:group>
	    								<w2:textbox id="" label="경찰의 사건 불송치에 대해 당사자가 이의를 신청할 수 있습니다." style="" class="sv_desc" tagname="p"></w2:textbox>
	    								<xf:group class="btn_area">
	    									<xf:trigger type="button" id="" style="" class="btn_base gray">
	    										<xf:label><![CDATA[안내]]></xf:label>
	    									</xf:trigger>
	    									<xf:trigger type="button" id="" style="" class="btn_base ico_r">
	    										<xf:label><![CDATA[신청]]></xf:label>
	    									</xf:trigger>
	    								</xf:group>
	    							</xf:group>
	    							<xf:group tagname="li">
	    								<xf:trigger type="button" id="" style="" class="ico_fav">
	    									<xf:label><![CDATA[즐겨찾기]]></xf:label>
	    								</xf:trigger>
	    								<xf:group class="top">
	    									<xf:group class="ico_org gov">
	    										<w2:span label="공수처" style="" id=""></w2:span>
	    									</xf:group>
	    									<w2:textbox id="" label="불송치 결정 이의신청서 " style="" class="" tagname="strong"></w2:textbox>
	    								</xf:group>
	    								<w2:textbox id="" label="경찰의 사건 불송치에 대해 당사자가 이의를 신청할 수 있습니다." style="" class="sv_desc" tagname="p"></w2:textbox>
	    								<xf:group class="btn_area">
	    									<xf:trigger type="button" id="" style="" class="btn_base gray">
	    										<xf:label><![CDATA[안내]]></xf:label>
	    									</xf:trigger>
	    									<xf:trigger type="button" id="" style="" class="btn_base ico_r">
	    										<xf:label><![CDATA[신청]]></xf:label>
	    									</xf:trigger>
	    								</xf:group>
	    							</xf:group>
	    							<xf:group tagname="li">
	    								<xf:trigger type="button" id="" style="" class="ico_fav">
	    									<xf:label><![CDATA[즐겨찾기]]></xf:label>
	    								</xf:trigger>
	    								<xf:group class="top">
	    									<xf:group class="ico_org sea_police">
	    										<w2:span label="해양경찰" style="" id=""></w2:span>
	    									</xf:group>
	    									<w2:textbox id="" label="불송치 결정 이의신청서 " style="" class="" tagname="strong"></w2:textbox>
	    								</xf:group>
	    								<w2:textbox id="" label="경찰의 사건 불송치에 대해 당사자가 이의를 신청할 수 있습니다." style="" class="sv_desc" tagname="p"></w2:textbox>
	    								<xf:group class="btn_area">
	    									<xf:trigger type="button" id="" style="" class="btn_base gray">
	    										<xf:label><![CDATA[안내]]></xf:label>
	    									</xf:trigger>
	    									<xf:trigger type="button" id="" style="" class="btn_base ico_r">
	    										<xf:label><![CDATA[신청]]></xf:label>
	    									</xf:trigger>
	    								</xf:group>
	    							</xf:group>
    						</xf:group>
    					</w2:content>
    					<w2:content alwaysDraw="false" id="content2">
    						<xf:group tagname="ul" class="sv_content">
    							<xf:group tagname="li">
    								<xf:trigger type="button" id="" style="" class="ico_fav">
    									<xf:label><![CDATA[즐겨찾기]]></xf:label>
    								</xf:trigger>
    								<xf:group class="top">
    									<xf:group class="ico_org police">
    										<w2:span label="경찰" style="" id=""></w2:span>
    									</xf:group>
    									<w2:textbox id="" label="불송치 결정 이의신청서 " style="" class="" tagname="strong"></w2:textbox>
    								</xf:group>
    								<w2:textbox id="" label="경찰의 사건 불송치에 대해 당사자가 이의를 신청할 수 있습니다." style="" class="sv_desc" tagname="p"></w2:textbox>
    								<xf:group class="btn_area">
    									<xf:trigger type="button" id="" style="" class="btn_base gray">
    										<xf:label><![CDATA[안내]]></xf:label>
    									</xf:trigger>
    									<xf:trigger type="button" id="" style="" class="btn_base ico_r">
    										<xf:label><![CDATA[신청]]></xf:label>
    									</xf:trigger>
    								</xf:group>
    							</xf:group>
    							<xf:group tagname="li">
    								<xf:trigger type="button" id="" style="" class="ico_fav">
    									<xf:label><![CDATA[즐겨찾기]]></xf:label>
    								</xf:trigger>
    								<xf:group class="top">
    									<xf:group class="ico_org sea_police">
    										<w2:span label="해양경찰" style="" id=""></w2:span>
    									</xf:group>
    									<w2:textbox id="" label="불송치 결정 이의신청서 " style="" class="" tagname="strong"></w2:textbox>
    								</xf:group>
    								<w2:textbox id="" label="경찰의 사건 불송치에 대해 당사자가 이의를 신청할 수 있습니다." style="" class="sv_desc" tagname="p"></w2:textbox>
    								<xf:group class="btn_area">
    									<xf:trigger type="button" id="" style="" class="btn_base gray">
    										<xf:label><![CDATA[안내]]></xf:label>
    									</xf:trigger>
    									<xf:trigger type="button" id="" style="" class="btn_base ico_r">
    										<xf:label><![CDATA[신청]]></xf:label>
    									</xf:trigger>
    								</xf:group>
    							</xf:group>
    						</xf:group>
    					</w2:content>
    					<w2:content alwaysDraw="false" id="content3">
    						<xf:group tagname="ul" class="sv_content">
    							<xf:group tagname="li">
    								<xf:trigger type="button" id="" style="" class="ico_fav">
    									<xf:label><![CDATA[즐겨찾기]]></xf:label>
    								</xf:trigger>
    								<xf:group class="top">
    									<xf:group class="ico_org police">
    										<w2:span label="경찰" style="" id=""></w2:span>
    									</xf:group>
    									<w2:textbox id="" label="불송치 결정 이의신청서 " style="" class="" tagname="strong"></w2:textbox>
    								</xf:group>
    								<w2:textbox id="" label="경찰의 사건 불송치에 대해 당사자가 이의를 신청할 수 있습니다." style="" class="sv_desc" tagname="p"></w2:textbox>
    								<xf:group class="btn_area">
    									<xf:trigger type="button" id="" style="" class="btn_base gray">
    										<xf:label><![CDATA[안내]]></xf:label>
    									</xf:trigger>
    									<xf:trigger type="button" id="" style="" class="btn_base ico_r">
    										<xf:label><![CDATA[신청]]></xf:label>
    									</xf:trigger>
    								</xf:group>
    							</xf:group>
    						</xf:group>
    					</w2:content>
    					<w2:content alwaysDraw="false" id="content4">
    						<xf:group tagname="ul" class="sv_content">
    							<xf:group tagname="li">
    								<xf:trigger type="button" id="" style="" class="ico_fav">
    									<xf:label><![CDATA[즐겨찾기]]></xf:label>
    								</xf:trigger>
    								<xf:group class="top">
    									<xf:group class="ico_org police">
    										<w2:span label="경찰" style="" id=""></w2:span>
    									</xf:group>
    									<w2:textbox id="" label="불송치 결정 이의신청서 " style="" class="" tagname="strong"></w2:textbox>
    								</xf:group>
    								<w2:textbox id="" label="경찰의 사건 불송치에 대해 당사자가 이의를 신청할 수 있습니다." style="" class="sv_desc" tagname="p"></w2:textbox>
    								<xf:group class="btn_area">
    									<xf:trigger type="button" id="" style="" class="btn_base gray">
    										<xf:label><![CDATA[안내]]></xf:label>
    									</xf:trigger>
    									<xf:trigger type="button" id="" style="" class="btn_base ico_r">
    										<xf:label><![CDATA[신청]]></xf:label>
    									</xf:trigger>
    								</xf:group>
    							</xf:group>
    						</xf:group>
    					</w2:content>
    					<w2:content alwaysDraw="false" id="content5">
    						<xf:group tagname="ul" class="sv_content">
    							<xf:group tagname="li">
    								<xf:trigger type="button" id="" style="" class="ico_fav">
    									<xf:label><![CDATA[즐겨찾기]]></xf:label>
    								</xf:trigger>
    								<xf:group class="top">
    									<xf:group class="ico_org police">
    										<w2:span label="경찰" style="" id=""></w2:span>
    									</xf:group>
    									<w2:textbox id="" label="불송치 결정 이의신청서 " style="" class="" tagname="strong"></w2:textbox>
    								</xf:group>
    								<w2:textbox id="" label="경찰의 사건 불송치에 대해 당사자가 이의를 신청할 수 있습니다." style="" class="sv_desc" tagname="p"></w2:textbox>
    								<xf:group class="btn_area">
    									<xf:trigger type="button" id="" style="" class="btn_base gray">
    										<xf:label><![CDATA[안내]]></xf:label>
    									</xf:trigger>
    									<xf:trigger type="button" id="" style="" class="btn_base ico_r">
    										<xf:label><![CDATA[신청]]></xf:label>
    									</xf:trigger>
    								</xf:group>
    							</xf:group>
    							<xf:group tagname="li">
    								<xf:trigger type="button" id="" style="" class="ico_fav">
    									<xf:label><![CDATA[즐겨찾기]]></xf:label>
    								</xf:trigger>
    								<xf:group class="top">
    									<xf:group class="ico_org police">
    										<w2:span label="경찰" style="" id=""></w2:span>
    									</xf:group>
    									<w2:textbox id="" label="불송치 결정 이의신청서 " style="" class="" tagname="strong"></w2:textbox>
    								</xf:group>
    								<w2:textbox id="" label="경찰의 사건 불송치에 대해 당사자가 이의를 신청할 수 있습니다." style="" class="sv_desc" tagname="p"></w2:textbox>
    								<xf:group class="btn_area">
    									<xf:trigger type="button" id="" style="" class="btn_base gray">
    										<xf:label><![CDATA[안내]]></xf:label>
    									</xf:trigger>
    									<xf:trigger type="button" id="" style="" class="btn_base ico_r">
    										<xf:label><![CDATA[신청]]></xf:label>
    									</xf:trigger>
    								</xf:group>
    							</xf:group>
    							<xf:group tagname="li">
    								<xf:trigger type="button" id="" style="" class="ico_fav">
    									<xf:label><![CDATA[즐겨찾기]]></xf:label>
    								</xf:trigger>
    								<xf:group class="top">
    									<xf:group class="ico_org police">
    										<w2:span label="경찰" style="" id=""></w2:span>
    									</xf:group>
    									<w2:textbox id="" label="불송치 결정 이의신청서 " style="" class="" tagname="strong"></w2:textbox>
    								</xf:group>
    								<w2:textbox id="" label="경찰의 사건 불송치에 대해 당사자가 이의를 신청할 수 있습니다." style="" class="sv_desc" tagname="p"></w2:textbox>
    								<xf:group class="btn_area">
    									<xf:trigger type="button" id="" style="" class="btn_base gray">
    										<xf:label><![CDATA[안내]]></xf:label>
    									</xf:trigger>
    									<xf:trigger type="button" id="" style="" class="btn_base ico_r">
    										<xf:label><![CDATA[신청]]></xf:label>
    									</xf:trigger>
    								</xf:group>
    							</xf:group>
    						</xf:group>
    					</w2:content>
    				</w2:tabControl>
    			</xf:group>
    		</xf:group>
    		<xf:group tagname="section" class="main_section">
    			<xf:group class="sch_area">
    				<w2:textbox id="" label="많이 찾는 민원서비스에 찾으시던 민원이 없나요?&lt;br&gt;아래 검색을 통해 조회해 보세요." style="" tagname="h2" escape="false"></w2:textbox>
    				<xf:group class="sch">
    					<xf:input adjustMaxLength="false" id="" style="" class="sch_input"></xf:input>
    					<w2:anchor outerDiv="false" id="" escape="false">
    						<xf:label><![CDATA[검색하기]]></xf:label>
    					</w2:anchor>
    				</xf:group>
    			</xf:group>
    		</xf:group>
    		<xf:group tagname="section" class="main_section bg_grey">
    			<xf:group class="main_board contents_w">
    				<xf:group class="board notice">
    					<w2:textbox id="" class="title" label="공지사항" style="" tagname="h3"></w2:textbox>
    					<xf:group tagname="ul">
    						<xf:group tagname="li">
    							<w2:span label="경찰" style="" id="" class="org"></w2:span>
    							<xf:group class="link">
    								<w2:span label="중요" style="" id="" class="label_imp"></w2:span>
    								<w2:anchor outerDiv="false" id="" style="">
    									<xf:label><![CDATA[법원 형사공탁 안내]]></xf:label>
    								</w2:anchor>
    							</xf:group>
    							<w2:span label="2023.10.10" style="" id="" class="date"></w2:span>
    						</xf:group>
    						<xf:group tagname="li">
    							<w2:span label="법무부" style="" id="" class="org"></w2:span>
    							<xf:group class="link">
    								<w2:span label="NEW" style="" id="" class="label_new"></w2:span>
    								<w2:anchor outerDiv="false" id="" style="">
    									<xf:label><![CDATA[법원 형사공탁 안내]]></xf:label>
    								</w2:anchor>
    							</xf:group>
    							<w2:span label="2023.10.10" style="" id="" class="date"></w2:span>
    						</xf:group>
    						<xf:group tagname="li">
    							<w2:span label="KICS" style="" id="" class="org"></w2:span>
    							<xf:group class="link">
    								<w2:anchor outerDiv="false" id="" style="">
    									<xf:label><![CDATA[[당첨자 발표] 2023년 형사사건 이벤트 추첨결과 당첨자 발표 ]]></xf:label>
    								</w2:anchor>
    							</xf:group>
    							<w2:span label="2023.10.10" style="" id="" class="date"></w2:span>
    						</xf:group>
    						<xf:group tagname="li">
    							<w2:span label="공수처" style="" id="" class="org"></w2:span>
    							<xf:group class="link">
    								<w2:anchor outerDiv="false" id="" style="">
    									<xf:label><![CDATA[고위 공직자범죄수사처 사건조회 장식 변경에 따른 사용자 정보 열람방법]]></xf:label>
    								</w2:anchor>
    							</xf:group>
    							<w2:span label="2023.10.10" style="" id="" class="date"></w2:span>
    						</xf:group>
    						<xf:group tagname="li">
    							<w2:span label="KICS" style="" id="" class="org"></w2:span>
    							<xf:group class="link">
    								<w2:anchor outerDiv="false" id="" style="">
    									<xf:label><![CDATA[[당첨자 발표] 2023년 형사사건 이벤트 추첨결과 당첨자 발표 ]]></xf:label>
    								</w2:anchor>
    							</xf:group>
    							<w2:span label="2023.10.10" style="" id="" class="date"></w2:span>
    						</xf:group>
    						<xf:group tagname="li">
    							<w2:span label="KICS" style="" id="" class="org"></w2:span>
    							<xf:group class="link">
    								<w2:anchor outerDiv="false" id="" style="">
    									<xf:label><![CDATA[[당첨자 발표] 2023년 형사사건 이벤트 추첨결과 당첨자 발표 ]]></xf:label>
    								</w2:anchor>
    							</xf:group>
    							<w2:span label="2023.10.10" style="" id="" class="date"></w2:span>
    						</xf:group>
    					</xf:group>
    					<w2:anchor outerDiv="false" id="" style="" class="btn_more">
							<xf:label><![CDATA[전체보기]]></xf:label>
						</w2:anchor>
    				</xf:group>
    				<xf:group class="board qna">
    					<w2:textbox id="" class="title" label="자주묻는질문 Q&amp;A" style="" tagname="h3" escape="false"></w2:textbox>
    					<xf:group tagname="ul">
    						<xf:group tagname="li">
    							<w2:span label="Q" style="" id="" class="mark_q"></w2:span>
    							<w2:span label="벌과금/가납금" style="" id="" class="classify"></w2:span>
    							<xf:group class="link">
    								<w2:anchor outerDiv="false" id="" style="">
    									<xf:label><![CDATA[공인인증 등록은 어디서 해야 하나요?]]></xf:label>
    								</w2:anchor>
    							</xf:group>
    						</xf:group>
    						<xf:group tagname="li">
    							<w2:span label="Q" style="" id="" class="mark_q"></w2:span>
    							<w2:span label="보안인증" style="" id="" class="classify"></w2:span>
    							<xf:group class="link">
    								<w2:anchor outerDiv="false" id="" style="">
    									<xf:label><![CDATA[사건기록 열람에 제한사항이 있나요?]]></xf:label>
    								</w2:anchor>
    							</xf:group>
    						</xf:group>
    						<xf:group tagname="li">
    							<w2:span label="Q" style="" id="" class="mark_q"></w2:span>
    							<w2:span label="민원/제증명" style="" id="" class="classify"></w2:span>
    							<xf:group class="link">
    								<w2:anchor outerDiv="false" id="" style="">
    									<xf:label><![CDATA[보안 프로그램을 반드시 설치해야 하나요?]]></xf:label>
    								</w2:anchor>
    							</xf:group>
    						</xf:group>
    						<xf:group tagname="li">
    							<w2:span label="Q" style="" id="" class="mark_q"></w2:span>
    							<w2:span label="보안인증" style="" id="" class="classify"></w2:span>
    							<xf:group class="link">
    								<w2:anchor outerDiv="false" id="" style="">
    									<xf:label><![CDATA[보안 프로그램을 반드시 설치해야 하나요?]]></xf:label>
    								</w2:anchor>
    							</xf:group>
    						</xf:group>
    						<xf:group tagname="li">
    							<w2:span label="Q" style="" id="" class="mark_q"></w2:span>
    							<w2:span label="정보이용" style="" id="" class="classify"></w2:span>
    							<xf:group class="link">
    								<w2:anchor outerDiv="false" id="" style="">
    									<xf:label><![CDATA[보안 프로그램을 반드시 설치해야 하나요?]]></xf:label>
    								</w2:anchor>
    							</xf:group>
    						</xf:group>
    						<xf:group tagname="li">
    							<w2:span label="Q" style="" id="" class="mark_q"></w2:span>
    							<w2:span label="정보이용" style="" id="" class="classify"></w2:span>
    							<xf:group class="link">
    								<w2:anchor outerDiv="false" id="" style="">
    									<xf:label><![CDATA[보안 프로그램을 반드시 설치해야 하나요?]]></xf:label>
    								</w2:anchor>
    							</xf:group>
    						</xf:group>
    					</xf:group>
    					<w2:anchor outerDiv="false" id="" style="" class="btn_more">
							<xf:label><![CDATA[전체보기]]></xf:label>
						</w2:anchor>
    				</xf:group>
    			</xf:group>
    		</xf:group>

    	</xf:group>


    	
    </body>
</html>
