<?xml version="1.0" encoding="UTF-8"?>
<html xmlns="http://www.w3.org/1999/xhtml"
    xmlns:ev="http://www.w3.org/2001/xml-events"
    xmlns:w2="http://www.inswave.com/websquare" xmlns:xf="http://www.w3.org/2002/xforms">
    <head>
        <w2:type>COMPONENT</w2:type>
        <w2:buildDate/>
        <w2:MSA/>
        <xf:model>
            <w2:dataCollection baseNode="map"/>
            <w2:workflowCollection/>
        </xf:model>
        <w2:layoutInfo/>
        <w2:publicInfo method=""/>
        <script lazy="false" type="text/javascript"><![CDATA[
scwin.onpageload = function() {
    //visual slider
    let $visual=$('.full_slide');

	$visual.flexslider({
        animaiton:"fade",
        selector:'ul>li',
        pausePlay:true,
        pauseText: false,
        playText:false,
        controlsContainer : $('.main_slide_ctl'),
            
    })
};
]]></script>
    </head>
    <body ev:onpageload="scwin.onpageload">
    	<xf:group tagname="main" class="victim_main">
    		<xf:group class="full_slide">
    			<xf:group tagname="ul" class="slides">
    				<xf:group tagname="li">
    					<xf:group class="" style="background-image:url(/cm/images/kics/vs/main_banner1.jpg);">
    						<w2:anchor outerDiv="false" id="" class="contents_w" escape="false">
    							<xf:label><![CDATA[<strong>더 나은 세상을 위해 끊임없이 발전하고 노력합니다.</strong>]]></xf:label>
    						</w2:anchor>
    					</xf:group>
    				</xf:group>
    				<xf:group tagname="li">
    					<xf:group class="" style="background-image:url(/cm/images/kics/vs/main_banner2.jpg);">
    						<w2:anchor outerDiv="false" id="" class="contents_w" escape="false">
    							<xf:label><![CDATA[<strong>더 나은 세상을 위해 끊임없이 발전하고 노력합니다.2</strong>]]></xf:label>
    						</w2:anchor>
    					</xf:group>
    				</xf:group>
    			</xf:group>
    		</xf:group>
    		<xf:group tagname="section" class="main_section">
    			<w2:textbox id="" label="내게 맞는 지원제도 찾기" style="" tagname="h2"></w2:textbox>
    			<w2:textbox id="" label="분류 선택과 자가 체크리스트를 통해 내게 꼭 맞는 지원제도를 찾아보세요." style="" class="sec_desc" tagname="p"></w2:textbox>
    		</xf:group>
    		<xf:group tagname="section" class="main_section contents_w">
    			
    		</xf:group>
    		
    	</xf:group>
    </body>	
</html>
