<?xml version="1.0" encoding="UTF-8"?>
<html xmlns="http://www.w3.org/1999/xhtml"
    xmlns:ev="http://www.w3.org/2001/xml-events"
    xmlns:w2="http://www.inswave.com/websquare" xmlns:xf="http://www.w3.org/2002/xforms">
    <head>
        <w2:type>COMPONENT</w2:type>
        <w2:buildDate/>
        <w2:MSA/>
        <xf:model>
            <w2:dataCollection baseNode="map"/>
            <w2:workflowCollection/>
        </xf:model>
        <w2:layoutInfo/>
        <w2:publicInfo method=""/>
        <script lazy="false" type="text/javascript"><![CDATA[
scwin.onpageload = function() {
    let $headerGnb=$('.header_gnb');
    let $depth1=$headerGnb.find('.menu_list');
	let $depth1_link= $headerGnb.find('.menu_list>li>a');

    $depth1_link.mouseenter(function() {
        $headerGnb.addClass('hover');
    });
    $depth1.mouseleave(function() {
        $headerGnb.removeClass('hover');
    });
    //웹접근성
    $headerGnb.find('.menu_list>li:first-child>a').on("focusin",function() {
        $headerGnb.addClass('hover');
    });
    $headerGnb.find('.menu_list>li:last-child .sub_menu a').on("focusout",function() {
        $headerGnb.removeClass('hover');
    });
};
]]></script>
    </head>
    <body ev:onpageload="scwin.onpageload">
    	<xf:group tagname="header" class="kics_header">
    		<xf:group class="header_top">
    			<w2:textbox id="" class="nuri" label="이 누리집은 대한민국 공식 전자전부 누리집입니다." style="" tagname="span"></w2:textbox>
    			<xf:group class="site_links">
    				<button class="active">형사사법포털</button>
    				<button>범죄피해자포털</button>
    			</xf:group>
    		</xf:group>
    		<xf:group class="header_main">
    			<xf:group tagname="h1">
    				<w2:anchor outerDiv="false" id="" style="" class="logo">
    					<xf:label><![CDATA[형사사법포털]]></xf:label>
    				</w2:anchor>
    			</xf:group>
    			<xf:group class="member" tagname="ul">
    				<xf:group tagname="li">
    					<w2:anchor outerDiv="false" id="" style="">
    						<xf:label><![CDATA[로그인]]></xf:label>
    					</w2:anchor>
    				</xf:group>
    				<xf:group tagname="li">
    					<w2:anchor outerDiv="false" id="" style="">
    						<xf:label><![CDATA[회원가입]]></xf:label>
    					</w2:anchor>
    				</xf:group>
    				<xf:group tagname="li">
    					<w2:anchor outerDiv="false" id="" style="">
    						<xf:label><![CDATA[English]]></xf:label>
    					</w2:anchor>
    				</xf:group>
    			</xf:group>
    		</xf:group>
    		<xf:group class="header_gnb">
    			<xf:group tagname="ul" class="contents_w menu_list">
    				<xf:group tagname="li">
    					<w2:anchor outerDiv="false" id="" style="">
    						<xf:label><![CDATA[사건 및 통지서 조회]]></xf:label>
    					</w2:anchor>
    					<xf:group tagname="ul" class="sub_menu">
    						<xf:group tagname="li">
    							<w2:anchor outerDiv="false" id="" style="">
	    							<xf:label><![CDATA[사건조회]]></xf:label>
	    						</w2:anchor>
    						</xf:group>
    						<xf:group tagname="li">
    							<w2:anchor outerDiv="false" id="" style="">
	    							<xf:label><![CDATA[재판서 및 통지서 조회]]></xf:label>
	    						</w2:anchor>
    						</xf:group>
    						<xf:group tagname="li">
    							<w2:anchor outerDiv="false" id="" style="">
	    							<xf:label><![CDATA[신상정보 등록 조회]]></xf:label>
	    						</w2:anchor>
    						</xf:group>
    						<xf:group tagname="li">
    							<w2:anchor outerDiv="false" id="" style="">
	    							<xf:label><![CDATA[보호관찰 사건 전자적 송달·통지 동의/철회]]></xf:label>
	    						</w2:anchor>
    						</xf:group>
    					</xf:group>
    				</xf:group>
    				<xf:group tagname="li">
    					<w2:anchor outerDiv="false" id="" style="">
    						<xf:label><![CDATA[민원 및 제증명 신청]]></xf:label>
    					</w2:anchor>
    					<xf:group tagname="ul" class="sub_menu">
    						<xf:group tagname="li">
    							<w2:anchor outerDiv="false" id="" style="">
	    							<xf:label><![CDATA[민원신청]]></xf:label>
	    						</w2:anchor>
    						</xf:group>
    						<xf:group tagname="li">
    							<w2:anchor outerDiv="false" id="" style="">
	    							<xf:label><![CDATA[제증명 신청]]></xf:label>
	    						</w2:anchor>
    						</xf:group>
    						<xf:group tagname="li">
    							<w2:anchor outerDiv="false" id="" style="">
	    							<xf:label><![CDATA[발급문서 진위 확인]]></xf:label>
	    						</w2:anchor>
    						</xf:group>
    					</xf:group>
    				</xf:group>
    				<xf:group tagname="li">
    					<w2:anchor outerDiv="false" id="" style="">
    						<xf:label><![CDATA[벌과금 및 가납금 조회/신청]]></xf:label>
    					</w2:anchor>
    					<xf:group tagname="ul" class="sub_menu">
    						<xf:group tagname="li">
    							<w2:anchor outerDiv="false" id="" style="">
	    							<xf:label><![CDATA[벌과금 납부 안내]]></xf:label>
	    						</w2:anchor>
    						</xf:group>
    						<xf:group tagname="li">
    							<w2:anchor outerDiv="false" id="" style="">
	    							<xf:label><![CDATA[벌과금 납부 명령서 전자발송]]></xf:label>
	    						</w2:anchor>
    						</xf:group>
    					</xf:group>
    				</xf:group>
    				<xf:group tagname="li">
    					<w2:anchor outerDiv="false" id="" style="">
    						<xf:label><![CDATA[소통과 국민참여]]></xf:label>
    					</w2:anchor>
    					<xf:group tagname="ul" class="sub_menu">
    						<xf:group tagname="li">
    							<w2:anchor outerDiv="false" id="" style="">
	    							<xf:label><![CDATA[공지사항]]></xf:label>
	    						</w2:anchor>
    						</xf:group>
    						<xf:group tagname="li">
    							<w2:anchor outerDiv="false" id="" style="">
	    							<xf:label><![CDATA[포털 이용안내]]></xf:label>
	    						</w2:anchor>
    						</xf:group>
    					</xf:group>
    				</xf:group>
    				<xf:group tagname="li">
    					<w2:anchor outerDiv="false" id="" style="">
    						<xf:label><![CDATA[처음 오셨나요?]]></xf:label>
    					</w2:anchor>
    					<xf:group tagname="ul" class="sub_menu">
    						<xf:group tagname="li">
    							<w2:anchor outerDiv="false" id="" style="">
	    							<xf:label><![CDATA[형사사법 소개]]></xf:label>
	    						</w2:anchor>
    						</xf:group>
    					</xf:group>
    				</xf:group>
    			</xf:group>
    		</xf:group>
    		<xf:group class="sitemap">
	    		<xf:group tagname="ul">
	    			<xf:group tagname="li" class="navi">
	   					<xf:select1 id="" chooseOption="" style="" submenuSize="auto" allOption="" disabled="false"
							direction="down" appearance="minimal" disabledClass="w2selectbox_disabled" ref="" class="site_sel" renderType="component" tableRender="ul">
							<xf:choices>
								<xf:item>
									<xf:label><![CDATA[민원 및 제증명 신청]]></xf:label>
									<xf:value><![CDATA[]]></xf:value>
								</xf:item>
								<xf:item>
									<xf:label><![CDATA[사건 및 통지서 조회]]></xf:label>
									<xf:value><![CDATA[]]></xf:value>
								</xf:item>
								<xf:item>
									<xf:label><![CDATA[소통과 국민참여]]></xf:label>
									<xf:value><![CDATA[]]></xf:value>
								</xf:item>
							</xf:choices>
						</xf:select1>
						<xf:select1 id="" chooseOption="" style="" submenuSize="auto" allOption="" disabled="false"
							direction="down" appearance="minimal" disabledClass="w2selectbox_disabled" ref="" class="site_sel" renderType="component" tableRender="ul">
							<xf:choices>
								<xf:item>
									<xf:label><![CDATA[민원신청]]></xf:label>
									<xf:value><![CDATA[]]></xf:value>
								</xf:item>
								<xf:item>
									<xf:label><![CDATA[제증명 신청]]></xf:label>
									<xf:value><![CDATA[]]></xf:value>
								</xf:item>
								<xf:item>
									<xf:label><![CDATA[소통과 국민참여]]></xf:label>
									<xf:value><![CDATA[]]></xf:value>
								</xf:item>
							</xf:choices>
						</xf:select1>
	   				</xf:group>
	    		</xf:group>
    			
    		</xf:group>
    	</xf:group>
    </body>
</html>
