<?xml version="1.0" encoding="UTF-8"?>
<html xmlns="http://www.w3.org/1999/xhtml"
    xmlns:ev="http://www.w3.org/2001/xml-events"
    xmlns:w2="http://www.inswave.com/websquare" xmlns:xf="http://www.w3.org/2002/xforms">
    <head>
        <w2:type>COMPONENT</w2:type>
        <w2:buildDate/>
        <w2:MSA/>
        <xf:model>
            <w2:dataCollection baseNode="map">
            	<w2:dataList baseNode="list" repeatNode="map" id="dataList1" saveRemovedData="true">
            		<w2:columnInfo>
            			<w2:column id="col1" name="번호" dataType="text"></w2:column>
            			<w2:column id="col2" name="접수일자" dataType="text"></w2:column>
            			<w2:column id="col3" name="기관명" dataType="text"></w2:column>
            			<w2:column id="col4" name="사건번호" dataType="text"></w2:column>
            			<w2:column id="col5" name="접수번호" dataType="text"></w2:column>
            			<w2:column id="col6" name="죄명" dataType="text"></w2:column>
            			<w2:column id="col7" name="진행상태" dataType="text"></w2:column>
            			<w2:column id="col8" name="성명" dataType="text"></w2:column>
            			<w2:column id="col9" name="관계" dataType="text"></w2:column>
            			<w2:column id="col10" name="전자약식 철회신청" dataType="text"></w2:column>
            		</w2:columnInfo>
            		<w2:data use="true">
            			<w2:row>
            				<col1><![CDATA[1]]></col1>
            				<col2><![CDATA[2023-03-02]]></col2>
            				<col3><![CDATA[서울중부경찰서]]></col3>
            				<col4><![CDATA[2023-19]]></col4>
            				<col5><![CDATA[2023-520]]></col5>
            				<col6><![CDATA[폭행]]></col6>
            				<col7><![CDATA[결정종결 등]]></col7>
            				<col8><![CDATA[김**]]></col8>
            				<col9><![CDATA[피의자]]></col9>
            				<col10><![CDATA[철회신청]]></col10>
            			</w2:row>
            		</w2:data>
            	</w2:dataList>
            </w2:dataCollection>
            <w2:workflowCollection/>
        </xf:model>
        <w2:layoutInfo/>
        <w2:publicInfo method=""/>
        <script lazy="false" type="text/javascript"><![CDATA[
scwin.onpageload = function() {
	
};
]]></script>
    </head>
    <body ev:onpageload="scwin.onpageload">
    	<xf:group id="" class="search_table white">
			<xf:group tagname="table" style="width:100%;" id="" class="w2tb" adaptive="layout" adaptiveThreshold="1000">
				<w2:attributes>
					<w2:summary></w2:summary>
				</w2:attributes>
				<xf:group tagname="caption">시·도&amp;nbsp;경찰청,접수번호,경찰서,사건과의&amp;nbsp;관계,성명으로&amp;nbsp;구성된&amp;nbsp;테이블</xf:group>
				<xf:group tagname="colgroup">
					<xf:group tagname="col" style="width:14%;"></xf:group>
	    			<xf:group tagname="col" style="width:16.67%"></xf:group>
	    			<xf:group tagname="col" style="width:14%;"></xf:group>
	    			<xf:group tagname="col" style="width:18%"></xf:group>
	    			<xf:group tagname="col" style="width:10%;"></xf:group>
	    			<xf:group tagname="col"></xf:group>
				</xf:group>
				<xf:group tagname="tr" style="">
					<xf:group tagname="th" style="" class="w2tb_th">시·도&amp;nbsp;경찰청<w2:attributes>
							<w2:scope>row</w2:scope>
						</w2:attributes></xf:group>
					<xf:group tagname="td" style="" class="w2tb_td"><w2:attributes><w2:colspan>2</w2:colspan><w2:rowspan>1</w2:rowspan></w2:attributes>
						<xf:select1 id="" chooseOption="" style="" submenuSize="auto" allOption=""
						disabled="false" direction="auto" appearance="minimal" disabledClass="w2selectbox_disabled" ref="" class="" renderType="native" title="시·도 경찰청을 선택해 주세요.">
						<xf:choices>
							<xf:item>
								<xf:label><![CDATA[선택]]></xf:label>
							<xf:value><![CDATA[]]></xf:value>
						</xf:item>
						<xf:item>
							<xf:label><![CDATA[옵션1]]></xf:label>
							<xf:value><![CDATA[]]></xf:value>
						</xf:item>
						<xf:item>
							<xf:label><![CDATA[옵션2]]></xf:label>
									<xf:value><![CDATA[]]></xf:value>
								</xf:item>
							</xf:choices>
						</xf:select1>
					</xf:group>
					<xf:group tagname="th" style="" class="w2tb_th req">접수번호<w2:attributes>
							<w2:scope>row</w2:scope>
						</w2:attributes></xf:group>
					<xf:group tagname="td" style="" class="w2tb_td"><w2:attributes><w2:colspan>2</w2:colspan><w2:rowspan>1</w2:rowspan></w2:attributes>
						<xf:group class="flex search">
							<xf:input adjustMaxLength="false" id="" style="" class="" placeholer="접수번호 입력"
								title="접수번호를 입력하세요.">
							</xf:input>
							<xf:trigger type="button" id="" class="btn">
								<xf:label><![CDATA[검색하기]]></xf:label>
							</xf:trigger>
						</xf:group>
					</xf:group>
				</xf:group>
				<xf:group tagname="tr" style="">
					<xf:group tagname="th" style="" class="w2tb_th">경찰서<w2:attributes>
							<w2:scope>row</w2:scope>
						</w2:attributes></xf:group>
					<xf:group tagname="td" style="" class="w2tb_td">
						<xf:select1 id="" chooseOption="" style="" submenuSize="auto" allOption=""
						disabled="false" direction="auto" appearance="minimal" disabledClass="w2selectbox_disabled" ref="" class="" renderType="native" title="경찰서를 선택해 주세요.">
						<xf:choices>
							<xf:item>
								<xf:label><![CDATA[선택]]></xf:label>
							<xf:value><![CDATA[]]></xf:value>
						</xf:item>
						<xf:item>
							<xf:label><![CDATA[옵션1]]></xf:label>
							<xf:value><![CDATA[]]></xf:value>
						</xf:item>
						<xf:item>
							<xf:label><![CDATA[옵션2]]></xf:label>
									<xf:value><![CDATA[]]></xf:value>
								</xf:item>
							</xf:choices>
						</xf:select1>
					</xf:group>
					<xf:group tagname="th" style="" class="w2tb_th">사건과의 관계
						<w2:attributes>
							<w2:scope>row</w2:scope>
						</w2:attributes>
					</xf:group>
					<xf:group tagname="td" style="" class="w2tb_td">
						<xf:select1 id="" chooseOption="" style="" submenuSize="auto" allOption=""
						disabled="false" direction="auto" appearance="minimal" disabledClass="w2selectbox_disabled" ref="" class="" renderType="native" title="사건과의 관계를 선택해 주세요.">
						<xf:choices>
							<xf:item>
								<xf:label><![CDATA[선택]]></xf:label>
							<xf:value><![CDATA[]]></xf:value>
						</xf:item>
						<xf:item>
							<xf:label><![CDATA[옵션1]]></xf:label>
							<xf:value><![CDATA[]]></xf:value>
						</xf:item>
						<xf:item>
							<xf:label><![CDATA[옵션2]]></xf:label>
									<xf:value><![CDATA[]]></xf:value>
								</xf:item>
							</xf:choices>
						</xf:select1>
					</xf:group>
					<xf:group tagname="th" style="" class="w2tb_th">성명
						<w2:attributes>
							<w2:scope>row</w2:scope>
						</w2:attributes>
					</xf:group>
					<xf:group tagname="td" style="" class="w2tb_td"><xf:input adjustMaxLength="false" id="" style="" class="name" placeholer="성명 입력" title="성명을 입력하세요." disabled="true" initValue="김고소"></xf:input></xf:group>
				</xf:group>
			</xf:group>
			<xf:group class="btn_area">
	   			<xf:trigger type="button" id="" style="" class="btn_base gray" title="초기화하기">
	   				<xf:label><![CDATA[초기화]]></xf:label>
	   			</xf:trigger>
	   			<xf:trigger type="button" id="" style="" class="btn_base" title="검색하기">
	   				<xf:label><![CDATA[검색]]></xf:label>
	   			</xf:trigger>
	   		</xf:group>
		</xf:group>
		<xf:group id="" class="guide_box help">
	  			<xf:group id="" class="ico" tagname="span"></xf:group>
	  			<xf:group id="" class="list_con dot" tagname="ul">
	  				<w2:textbox id="" label="&lt;span class='req'&gt;&lt;/span&gt;는 필수입력 사항입니다." tagname="li" escape="false"></w2:textbox>
	  				<w2:textbox id=""
	  					label="&lt;span class='f_blue'&gt;접수번호를 분실하신 경우, 해당 경찰서로 문의 주시거나 접수번호 옆 [돋보기] 버튼을 클릭해 찾기를 진행해 주세요.&lt;/span&gt;" tagname="li"
	  					escape="false">
	  				</w2:textbox>
	  				<w2:textbox id=""
	  					label="사건관련 개인정보를 &lt;span class='f_blue'&gt;불법으로 유출&lt;/span&gt;할 경우 &lt;span class='f_blue'&gt;개인정보보호법&lt;/span&gt;에 의거 &lt;span class='f_blue'&gt;형사처벌&lt;/span&gt;을 받으실 수 있으므로 유의하시기 바랍니다."
	  					tagname="li" escape="false">
	  				</w2:textbox>
	  				<w2:textbox escape="false" id=""
	  					label="전자약식 절차에 동의한 경우라도 검사가 약식 명력을 청구하기 전까지는 동의를 철회할 수 있습니다. (철회신청의 ‘신청’ 클릭) " tagname="li"
	  					style="">
	  				</w2:textbox>
	  			</xf:group>
		</xf:group>
		<xf:group id="" class="section">
			<w2:textbox id="" class="small title" label="사건 검색 결과" tagname="h3"></w2:textbox>
			<w2:gridView checkAllType="false" scrollByColumn="false" senseReader="true" focusMove="false" keyMoveEditMode="true" id="" dataList="data:dataList1" class="grid_table" visibleRowNum="all" oddEvenColorDisplay="false" noResultMessageStyle="position: absolute; display: block; left: 40%; width: 20%; top: 40%; text-align:center;" noResultMessage="데이터가 없습니다." readOnly="true" autoFitMinWidth="1000" autoFit="allColumn" noResultMessageVisibleAlways="true" noResultMessageVisible="true" style="height:20vh;">
				<w2:caption style="" id="caption1" value="번호,접수일자,기관명,사건번호,접수번호,죄명,진행상태,성명,관계,전자약식 철회신청으로 구성된 사건 검색 결과 테이블"></w2:caption>
				<w2:header style="" id="header1">
					<w2:row style="" id="row1">
						<w2:column width="40" inputType="text" style="" id="" value="번호" displayMode="label"></w2:column>
						<w2:column width="60" inputType="text" style="" id="" value="접수일자" displayMode="label"></w2:column>
						<w2:column width="80" inputType="text" style="" id="" value="기관명" displayMode="label"></w2:column>
						<w2:column width="60" inputType="text" style="" id="" value="사건번호" displayMode="label"></w2:column>
						<w2:column width="60" inputType="text" style="" id="" value="접수번호" displayMode="label"></w2:column>
						<w2:column width="50" inputType="text" style="" id="" value="죄명" displayMode="label"></w2:column>
						<w2:column width="60" inputType="text" style="" id="" value="진행상태" displayMode="label"></w2:column>
						<w2:column width="50" inputType="text" style="" id="" value="성명" displayMode="label"></w2:column>
						<w2:column width="50" inputType="text" style="" id="" value="관계" displayMode="label"></w2:column>
						<w2:column width="100" inputType="text" style="" id="" value="전자약식 철회신청"
							displayMode="label">
						</w2:column>
					</w2:row>
				</w2:header>
				<w2:gBody style="" id="gBody1">
					<w2:row style="" id="row2">
						<w2:column width="40" inputType="text" style="" id="col1" value="" displayMode="label"></w2:column>
						<w2:column width="60" inputType="text" style="" id="col2" value="" displayMode="label"></w2:column>
						<w2:column width="80" inputType="text" style="" id="col3"  value="" displayMode="label"></w2:column>
						<w2:column width="60" inputType="link" style="" id="col4" vadisplayMode="label" class="link"></w2:column>
						<w2:column width="60" inputType="link" style="" id="col5" vadisplayMode="label" class="link"></w2:column>
						<w2:column width="50" inputType="text" style="" id="col6" value="" displayMode="label"></w2:column>
						<w2:column width="60" inputType="text" style="" id="col7" value="" displayMode="label"></w2:column>
						<w2:column width="50" inputType="text" style="" id="col8" value="" displayMode="label"></w2:column>
						<w2:column width="50" inputType="text" style="" id="col9" value="" displayMode="label"></w2:column>
						<w2:column width="100" inputType="button" style="" id="col10" value="" displayMode="label" class="grid_btn"></w2:column>
					</w2:row>
				</w2:gBody>
			</w2:gridView>
			<xf:group id="" class="page_wrap">
				<xf:group id="" class="page_total" tagname="ul">
					<xf:group id="" tagname="li" class="all">
						<w2:span label="총" style="" id=""></w2:span>
						<w2:span label="100" style="" id=""></w2:span>
						<w2:span label="건" style="" id=""></w2:span>
					</xf:group>
				</xf:group>
				<xf:group id="" class="pagelist_all">
					<!-- <xf:trigger type="button" id="" style="" title="맨 앞으로 이동합니다." class="gotofirst">
						<xf:label><![CDATA[]]></xf:label>
					</xf:trigger>-->
					<w2:pageList pageSize="10" displayButtonType="display" id="" displayFormat="#" buttonShowType="1" displaySelectedIndex="true" renderType="nativelist" titie="그리드 페이지 번호입니다."></w2:pageList>
					<!-- <xf:trigger type="button" id="" style="" title="맨 뒤로 이동합니다." class="gotolast">
						<xf:label><![CDATA[]]></xf:label>
					</xf:trigger>-->
				</xf:group>
			</xf:group>
			<xf:group id="" class="guide_box help">
				<xf:group id="" class="ico" tagname="span"></xf:group>
				<xf:group id="" class="list_con dot" tagname="ul">
					<w2:textbox escape="false" id=""
						label='입건된 사건만 조회되며, 입건 전 조사 사건은 조회되지 않습니다.&lt;p class="f_blue"&gt;※ 단, 입건된 사건이라도 담당 수사관이 피의자 도주, 증거인멸 우려 등 사유로 사건 조회를 제한한 사건은 조회되지 않습니다.&lt;br/&gt;※ 고소인등 : 고소인, 고발인, 진정인, 피해자&lt;/p&gt;'
						tagname="li" style="">
					</w2:textbox>
					<w2:textbox escape="false" id="" label="추가 문의사항이 있으신 경우, 경찰 콜센터(182)로 연락해 주세요." tagname="li" style="">
					</w2:textbox>
				</xf:group>
			</xf:group>
	    </xf:group>
    </body>
</html>
