<?xml version="1.0" encoding="UTF-8"?>
<html xmlns="http://www.w3.org/1999/xhtml"
    xmlns:ev="http://www.w3.org/2001/xml-events"
    xmlns:w2="http://www.inswave.com/websquare" xmlns:xf="http://www.w3.org/2002/xforms">
    <head>
        <w2:type>COMPONENT</w2:type>
        <w2:buildDate/>
        <w2:MSA/>
        <xf:model>
            <w2:dataCollection baseNode="map"/>
            <w2:workflowCollection/>
        </xf:model>
        <w2:layoutInfo/>
        <w2:publicInfo method=""/>
        <script lazy="false" type="text/javascript"><![CDATA[
scwin.onpageload = function() {
	
};
]]></script>
    </head>
    <body ev:onpageload="scwin.onpageload">
    	<xf:group style="" id="" class="lnb">
    		<w2:generator id="lnbMenu" tagname="ul" class="menu">
    			<xf:group style="" id="li_lnbMenu" tagname="li">
    				<w2:anchor outerDiv="false" id="anc_lnbMenu">
    					<xf:label><![CDATA[1depth 메뉴]]></xf:label>
    				</w2:anchor>
					<w2:generator id="lnb2DepMenu" tagname="ul">
						<xf:group style="" id="li_lnb2DepMenu" tagname="li">
							<w2:anchor outerDiv="false" id="anc_lnb2DepMenu">
		    					<xf:label><![CDATA[2depth 메뉴]]></xf:label>
		    				</w2:anchor>
						</xf:group>
						<xf:group style="" id="lnb3DepMenu" tagname="ul">
							<xf:group style="" id="li_lnb3DepMenu" tagname="li">
								<w2:anchor outerDiv="false" id="anc_lnb3DepMenu">
			    					<xf:label><![CDATA[3depth 메뉴]]></xf:label>
			    				</w2:anchor>
							</xf:group>
						</xf:group>
					</w2:generator>
    			</xf:group>
    		</w2:generator>
    	</xf:group>
    	
    </body>
</html>
