<?xml version="1.0" encoding="UTF-8"?>
<html xmlns="http://www.w3.org/1999/xhtml"
    xmlns:ev="http://www.w3.org/2001/xml-events"
    xmlns:w2="http://www.inswave.com/websquare" xmlns:xf="http://www.w3.org/2002/xforms">
    <head>
        <w2:type>COMPONENT</w2:type>
        <w2:buildDate/>
        <w2:MSA/>
        <xf:model>
			<w2:dataCollection>
				<w2:dataMap baseNode="map" id="dataMap1">
					<w2:keyInfo>
						<w2:key id="key1" name="게시판코드" dataType="text"></w2:key>
						<w2:key id="key2" name="제목" dataType="text"></w2:key>
						<w2:key id="key3" name="내용" dataType="text"></w2:key>
					</w2:keyInfo>
					<w2:data use="true">
						<key1><![CDATA[`<span sytle="font-size:70px"><span sytle="color:red">에디터 사용함</span></span>`]]></key1>
					</w2:data>
				</w2:dataMap>
			</w2:dataCollection>
			<w2:workflowCollection />
		</xf:model>
        <w2:layoutInfo/>
        <w2:publicInfo method=""/>
        <script lazy="false" type="text/javascript"><![CDATA[
scwin.onpageload = function() {
	
};
/* 
setHTML 사용 시 editor1 이 onload 될 때 span 의 스타일 속성들이 적용된 글자 보여짐

setHTML( html )
html을 editor에 textarea에 입력합니다.(html태그를 해석하여 입력합니다.)
Parameter
name	type	required	description
html	String	Y	editor에 입력하려는 html소스
Sample
editor1.setHTML('<em><span style="font-size:14px;">editor setHTML(html) API.</span></em>');
폰트크기가 14px이고 이탤릭체로 "editor setHTML(html) API" 문자열이 표시된다.
*/
scwin.editor1_onload = function() {
    editor1.setHTML('<em><span style="font-size:70px; color:red; ">에디터 사용함!!</span></em><br><em><span style="font-size:70px; color:red; ">에디터 사용함!!</span></em><br><em><span style="font-size:70px; color:red; ">에디터 사용함!!</span></em><br><em><span style="font-size:70px; color:red; ">에디터 사용함!!</span></em>')
}

/*
setText 사용 시 editor2 이 onload 될 때 span 의 스타일 속성들이 적용되지 않은 해당 html 태그 전체가 보여짐

setText( value )
value를 editor에 textarea에 입력합니다.(html태그를 text로 입력합니다.)
Parameter
name	type	required	description
value	String	Y	editor에 입력하려는 값
Sample
editor1.setText("editor\n setText(value) API.");
editor
setText(value) API.
위와 같이 에디터에 표시된다.
*/
scwin.editor2_onload = function() {
    editor2.setText(`<em><span style="font-size:60px; color:red ">에디터 사용함!!</span></em>`);
}

//jquery 로 원하는 요소안에서 html 태그는 태그가 아니라 텍스트로 인식
scwin.editor3_onload = function() {
    $('menu').text( '<p>Aenean nec mollis.</p>' )
};]]></script>
    </head>
    <body ev:onpageload="scwin.onpageload">
    <xf:group id="edit_contents">
			<w2:editor style="" id="editor1" ev:onload="scwin.editor1_onload"></w2:editor>
			<w2:editor style="" id="editor2" ev:onload="scwin.editor2_onload"></w2:editor>
		</xf:group>
	<xf:group id="edit_contents2" tagname="menu"><w2:editor ev:onload="scwin.editor3_onload" style="" id="editor3"></w2:editor></xf:group>
    </body>
</html>
