<?xml version="1.0" encoding="UTF-8"?>
<html xmlns="http://www.w3.org/1999/xhtml"
    xmlns:ev="http://www.w3.org/2001/xml-events"
    xmlns:w2="http://www.inswave.com/websquare" xmlns:xf="http://www.w3.org/2002/xforms">
    <head>
        <w2:type>COMPONENT</w2:type>
        <w2:buildDate/>
        <w2:MSA/>
        <xf:model>
            <w2:dataCollection baseNode="map"/>
            <w2:workflowCollection/>
        </xf:model>
        <w2:layoutInfo/>
        <w2:publicInfo method=""/>
        <script lazy="false" type="text/javascript"><![CDATA[
scwin.onpageload = function() {
	
};
]]></script>
    </head>
    <body ev:onpageload="scwin.onpageload">
    	<xf:group class="wrap">
    		<w2:wframe id="" src="/publishing/pp/main/header.xml"></w2:wframe>
    		<xf:group class="container">
    			<!-- <w2:wframe id="" src="/publishing/pp/main/main.xml"></w2:wframe> -->
    			 <w2:wframe id="" src="/publishing/pp/affair/affair_main.xml"></w2:wframe>
    		</xf:group>
    	</xf:group>
    	
    </body>
</html>
