<?xml version="1.0" encoding="UTF-8"?>
<?xml-stylesheet href="/cm/css/kics/pp.css" type="text/css"?>
<html xmlns="http://www.w3.org/1999/xhtml"
    xmlns:ev="http://www.w3.org/2001/xml-events"
    xmlns:w2="http://www.inswave.com/websquare" xmlns:xf="http://www.w3.org/2002/xforms">
    <head>
        <w2:type>COMPONENT</w2:type>
        <w2:buildDate/>
        <w2:MSA/>
        <xf:model>
            <w2:dataCollection baseNode="map"/>
            <w2:workflowCollection/>
        </xf:model>
        <w2:layoutInfo/>
        <w2:publicInfo method=""/>
        <script lazy="false" type="text/javascript"><![CDATA[
scwin.onpageload = function() { 
    //gen_test.insertchild();
	acc_pub_test.setPanelTitle('panels_pub_test', '<span class="title">가평 경찰서</span>')
};
scwin.onchor1_onclick = function(){
    var opts = {
        id : "popup_window_wframe",
        className : "popup",
        poupName : "팝업창",
        type:"wframePopup",
        "modal": true
    };
    $p.openPopup("/publishing/index.html", opts);
}]]></script>
	<style>
		body{max-width:1400px; margin:0 auto;}
		h1{margin:20px;}
	</style>
    </head>
    <body ev:onpageload="scwin.onpageload">
    	<w2:textbox id="" label="버튼" tagname="h1"></w2:textbox>
    	<xf:group id="">
    		<xf:group class="btn_area center">
    			<xf:trigger type="button" id="" style="" class="btn_base gray" title="취소하기">
    				<xf:label><![CDATA[취소]]></xf:label>
    			</xf:trigger>
    			<xf:trigger type="button" id="" style="" class="btn_base" title="저장하기">
    				<xf:label><![CDATA[저장]]></xf:label>
    			</xf:trigger>
    		</xf:group>
    		<xf:group class="btn_area">
    			<xf:trigger type="button" id="" style="" class="btn_base_delete ico_l" title="선택삭제 하기">
    				<xf:label><![CDATA[선택삭제]]></xf:label>
    			</xf:trigger>
    			<xf:trigger type="button" id="" style="" class="btn_base_lg ico_r" title="작성하기">
    				<xf:label><![CDATA[작성]]></xf:label>
    			</xf:trigger>
    		</xf:group>
    		<xf:group class="btn_area pos_top">
    			<xf:trigger type="button" id="" style="" class="btn_base_lg white" title="민원안내 보기">
    				<xf:label><![CDATA[민원안내 보기]]></xf:label>
    			</xf:trigger>
    			<xf:trigger type="button" id="" style="" class="btn_base_lg white ico_r down" title="서식 다운로드 하기">
    				<xf:label><![CDATA[서식 다운로드]]></xf:label>
    			</xf:trigger>
    		</xf:group>
    		<xf:group class="btn_area center">
    			<xf:trigger type="button" id="" style="" class="btn_base" title="저장하기" ev:onclikc="scwin.onchor1_onclick">
    				<xf:label><![CDATA[팝업]]></xf:label>
    			</xf:trigger>
    		</xf:group>
    	</xf:group>
    	<w2:textbox id="" label="가이드 박스" tagname="h1"></w2:textbox>
    	<xf:group id="" class="">
    		<xf:group id="" class="guide_box help">
    			<xf:group id="" class="ico" tagname="span"></xf:group>
    			<w2:textbox id="" label="한줄 내용 입니다." tagname="p"></w2:textbox>
    		</xf:group>
    		<xf:group id="" class="guide_box help">
    			<xf:group id="" class="ico" tagname="span"></xf:group>
    			<xf:group id="" class="">
    				<xf:group id="" class="ico_i" tagname="strong">참고사항</xf:group>
    				<xf:group id="" class="list_con dot" tagname="ul">
    					<w2:textbox id="" label="첫번째 내용입니다." tagname="li"></w2:textbox>
    					<w2:textbox id="" label="두번째 내용입니다." tagname="li"></w2:textbox>
    				</xf:group>
    			</xf:group>
    		</xf:group>
    	</xf:group>
    	<w2:textbox id="" label="검색 테이블" tagname="h1"></w2:textbox>
    	<!-- search table -->
    	<xf:group id="" class="search_table bg_gray">
    		<xf:group tagname="table" style="width:100%;" id="" class="w2tb" adaptive="layout" adaptiveThreshold="1000">
    			<w2:attributes>
    				<w2:summary></w2:summary>
    			</w2:attributes>
    			<xf:group tagname="caption"></xf:group>
    			<xf:group tagname="colgroup">
    				<xf:group tagname="col" style="width:10%;"></xf:group>
    				<xf:group tagname="col" style="width:16.67%"></xf:group>
    				<xf:group tagname="col" style="width:10%;"></xf:group>
    				<xf:group tagname="col" style="width:16.67%"></xf:group>
    				<xf:group tagname="col" style="width:10%;"></xf:group>
    				<xf:group tagname="col"></xf:group>
    			</xf:group>
    			<xf:group tagname="tr" style="">
    				<xf:group tagname="th" style="" class="w2tb_th">
    					성명
    					<w2:attributes>
    						<w2:scope>row</w2:scope>
    					</w2:attributes>
    				</xf:group>
    				<xf:group tagname="td" style="" class="w2tb_td">
    					<xf:input adjustMaxLength="false" id="" style="" class="name" placeholer="성명 입력" title="성명을 입력하세요."></xf:input>
    				</xf:group>
    				<xf:group tagname="th" style="" class="w2tb_th">
    					기관구분
    					<w2:attributes>
    						<w2:scope>row</w2:scope>
    					</w2:attributes>
    				</xf:group>
    				<xf:group tagname="td" style="" class="w2tb_td">
    					<xf:select1 id="" chooseOption="" style="" submenuSize="auto" allOption="" disabled="false" direction="auto"
    						appearance="minimal" disabledClass="w2selectbox_disabled" ref="" class="" renderType="native">
    						<xf:choices>
    							<xf:item>
    								<xf:label><![CDATA[선택]]></xf:label>
    								<xf:value><![CDATA[]]></xf:value>
    							</xf:item>
    							<xf:item>
    								<xf:label><![CDATA[옵션1]]></xf:label>
    								<xf:value><![CDATA[]]></xf:value>
    							</xf:item>
    							<xf:item>
    								<xf:label><![CDATA[옵션2]]></xf:label>
    								<xf:value><![CDATA[]]></xf:value>
    							</xf:item>
    						</xf:choices>
    					</xf:select1>
    				</xf:group>
    				<xf:group tagname="th" style="" class="w2tb_th">
    					등록기간
    					<w2:attributes>
    						<w2:scope>row</w2:scope>
    					</w2:attributes>
    				</xf:group>
    				<xf:group tagname="td" style="" class="w2tb_td">
    					<xf:group class="flex">
    						<w2:inputCalendar calendarValueType="yearMonthDate" caption="달력" class="calender" focusOnDateSelect="false"
    							footerDiv="false" id="" keepFocusSelect="true" renderDiv="true" renderType="native" rightAlign="false" summary=""
    							title="등록기간 날짜를 선택해 주세요" style="">
    						</w2:inputCalendar>
    						<w2:span label="~" style="" id=""></w2:span>
    						<w2:inputCalendar calendarValueType="yearMonthDate" caption="달력" class="calender" focusOnDateSelect="false"
    							footerDiv="false" id="" keepFocusSelect="true" renderDiv="true" renderType="native" rightAlign="false" summary=""
    							title="등록기간 날짜를 선택해 주세요" style="">
    						</w2:inputCalendar>
    					</xf:group>
    				</xf:group>
    			</xf:group>
    			<xf:group tagname="tr" style="">
    				<xf:group tagname="th" style="" class="w2tb_th">
    					공개여부
    					<w2:attributes>
    						<w2:scope>row</w2:scope>
    					</w2:attributes>
    				</xf:group>
    				<xf:group tagname="td" style="" class="w2tb_td">
    					<xf:select1 id="" chooseOption="" style="" submenuSize="auto" allOption="" disabled="false" direction="auto"
    						appearance="minimal" disabledClass="w2selectbox_disabled" ref="" class="" renderType="native">
    						<xf:choices>
    							<xf:item>
    								<xf:label><![CDATA[선택]]></xf:label>
    								<xf:value><![CDATA[]]></xf:value>
    							</xf:item>
    							<xf:item>
    								<xf:label><![CDATA[옵션1]]></xf:label>
    								<xf:value><![CDATA[]]></xf:value>
    							</xf:item>
    							<xf:item>
    								<xf:label><![CDATA[옵션2]]></xf:label>
    								<xf:value><![CDATA[]]></xf:value>
    							</xf:item>
    						</xf:choices>
    					</xf:select1>
    				</xf:group>
    				<xf:group tagname="th" style="" class="w2tb_th">
    					검색어
    					<w2:attributes>
    						<w2:scope>row</w2:scope>
    					</w2:attributes>
    				</xf:group>
    				<xf:group tagname="td" style="" class="w2tb_td">
    					<w2:attributes>
    						<w2:colspan>3</w2:colspan>
    						<w2:rowspan>1</w2:rowspan>
    					</w2:attributes>
    					<xf:group class="flex">
    						<xf:select1 allOption="" appearance="minimal" chooseOption="" class="w100" direction="auto" disabled="false"
    							disabledClass="w2selectbox_disabled" id="" ref="" renderType="native" style="" submenuSize="auto">
    							<xf:choices>
    								<xf:item>
    									<xf:label><![CDATA[선택]]></xf:label>
    									<xf:value><![CDATA[]]></xf:value>
    								</xf:item>
    								<xf:item>
    									<xf:label><![CDATA[옵션1]]></xf:label>
    									<xf:value><![CDATA[]]></xf:value>
    								</xf:item>
    								<xf:item>
    									<xf:label><![CDATA[옵션2]]></xf:label>
    									<xf:value><![CDATA[]]></xf:value>
    								</xf:item>
    							</xf:choices>
    						</xf:select1>
    						<xf:input adjustMaxLength="false" id="" style="" class="" placeholer="사건번호 입력" title="사건번호 입력하세요."></xf:input>
    					</xf:group>
    				</xf:group>
    			</xf:group>
    			<xf:group tagname="tr" style="">
    				<xf:group tagname="th" style="" class="w2tb_th">
    					접수번호
    					<w2:attributes>
    						<w2:scope>row</w2:scope>
    					</w2:attributes>
    				</xf:group>
    				<xf:group tagname="td" style="" class="w2tb_td">
    					<xf:group class="flex search">
    						<xf:input adjustMaxLength="false" id="" style="" class="" placeholer="접수번호 입력" title="접수번호를 입력하세요."></xf:input>
    						<xf:trigger type="button" id="" class="btn">
    							<xf:label><![CDATA[검색하기]]></xf:label>
    						</xf:trigger>
    					</xf:group>
    				</xf:group>
    			</xf:group>
    		</xf:group>
    		<xf:group class="btn_area">
    			<xf:trigger type="button" id="" style="" class="btn_base gray" title="초기화하기">
    				<xf:label><![CDATA[초기화]]></xf:label>
    			</xf:trigger>
    			<xf:trigger type="button" id="" style="" class="btn_base" title="검색하기">
    				<xf:label><![CDATA[검색]]></xf:label>
    			</xf:trigger>
    		</xf:group>
    	</xf:group>
    	<!-- //search table -->
    	<xf:group id="">

    	</xf:group>
    	<w2:accordion style="margin-top:20px;" id="acc_pub_test" independentPanel="false" collapsible="true" panelMoveSpeed="100">
    		<w2:panels style="" id="panels_pub_test" class="">
    			<w2:panelTitle style="" id="panelTitle1" class="panel_title" label="타이틀입니다."></w2:panelTitle>
    			<w2:panelContent style="" id="panelContent1">
					<w2:textbox id="" label="테스트입니다." style=""></w2:textbox>
    			</w2:panelContent>
    		</w2:panels>
    	</w2:accordion>
    	
    </body>
</html>
