<?xml version="1.0" encoding="UTF-8"?>
<html xmlns="http://www.w3.org/1999/xhtml"
    xmlns:ev="http://www.w3.org/2001/xml-events"
    xmlns:w2="http://www.inswave.com/websquare" xmlns:xf="http://www.w3.org/2002/xforms">
    <head>
    	<w2:type>DEFAULT</w2:type>
    	<w2:buildDate />
    	<xf:model>
    		<xf:instance>
    			<data xmlns="" />
    		</xf:instance>
    		<w2:dataCollection baseNode="map">
    			<w2:dataList baseNode="list" repeatNode="map" id="dataList1" saveRemovedData="true">
    				<w2:columnInfo>
    					<w2:column id="col1" name="name1" dataType="text"></w2:column>
    					<w2:column id="col2" name="name2" dataType="text"></w2:column>
    					<w2:column id="col3" name="name3" dataType="text"></w2:column>
    					<w2:column id="col4" name="name4" dataType="text"></w2:column>
    				</w2:columnInfo>
    			</w2:dataList>
    		</w2:dataCollection>
    		<w2:workflowCollection></w2:workflowCollection>
    	</xf:model>
    	<script type="text/javascript" lazy="false"><![CDATA[
        
	scwin.onpageload = function() {
		var jsonData = [
			{"col1":"aa","col2":"","col3":"","col4":"1000"}
			,{"col1":"aa","col2":"","col3":"","col4":"10000"}
			,{"col1":"bb","col2":"","col3":"","col4":"500"}
			,{"col1":"bb","col2":"","col3":"","col4":"500"}
			,{"col1":"cc","col2":"","col3":"","col4":"50000"}
		];
		dataList1.setJSON(jsonData);
	};
	
	scwin.onpageunload = function() {
		
	};
	
	
	scwin.trigger1_onclick = function(e) {
		var options = {};
		options.fileName = "test.xlsx";
		options.type = "1";
//		options.removeHeaderRows = "1";
		options.useStyle = "true";
		options.useSubTotal = scwin.subTotalVisibleFlag != "false" ? "true" : "false";
		gridView1.advancedExcelDownload(options);
	};
	
	scwin.trigger2_onclick = function(e) {
		gridView1.setSubtotalVisible(false);
		scwin.subTotalVisibleFlag = "false";
	};
	]]></script>
    	<style type="text/css"><![CDATA[
    		.w2grid th.gridHeaderTDDefault.headerColor {
    			background:url('');
    			background-color:#e3fbf2 !important;
    		}
    	 ]]></style>
    </head>
    <body ev:onpageload="scwin.onpageload" ev:onpageunload="scwin.onpageunload">
    	<w2:gridView id="gridView1" style="width:447px;height:315px;" scrollByColumn="false" defaultCellHeight="20"
    		scrollByColumnAdaptive="false" dataList="data:dataList1">
    		<w2:caption style="" id="caption1" value="this is a grid caption."></w2:caption>
    		<w2:header style="" id="header1">
    			<w2:row style="" id="row1">
    				<w2:column removeBorderStyle="false" width="70" inputType="text" style="height:20px" id="column4" value="name1"
    					blockSelect="false" displayMode="label">
    				</w2:column>
    				<w2:column removeBorderStyle="false" width="70" inputType="text" style="height:20px" id="column3" value="name2"
    					blockSelect="false" displayMode="label">
    				</w2:column>
    				<w2:column removeBorderStyle="false" width="70" inputType="text" style="height:20px" id="column2" value="name3"
    					blockSelect="false" displayMode="label">
    				</w2:column>
    				<w2:column removeBorderStyle="false" width="70" inputType="text" style="height:20px" id="column1" value="name4"
    					blockSelect="false" displayMode="label">
    				</w2:column>
    			</w2:row>
    			<w2:row style="" id="row3">
    				<w2:column removeBorderStyle="false" width="70" inputType="text" style="height:20px" id="column8" value=""
    					blockSelect="false" displayMode="label" class="headerColor">
    				</w2:column>
    				<w2:column removeBorderStyle="false" width="70" inputType="text" style="height:20px" id="column7" value=""
    					blockSelect="false" displayMode="label" class="headerColor">
    				</w2:column>
    				<w2:column removeBorderStyle="false" width="70" inputType="text" style="height:20px" id="column6" value="합계"
    					blockSelect="false" displayMode="label" class="headerColor">
    				</w2:column>
    				<w2:column removeBorderStyle="false" width="70" inputType="expression" style="height:20px" id="column5" value=""
    					blockSelect="false" displayMode="label" expression="sum('col4')" dataType="number" displayFormat="#,###" class="headerColor" textAlign="right">
    				</w2:column>
    			</w2:row>
    		</w2:header>
    		<w2:gBody style="" id="gBody1">
    			<w2:row style="" id="row2">
    				<w2:column removeBorderStyle="false" width="70" inputType="text" style="height:20px" id="col1" value=""
    					blockSelect="false" displayMode="label">
    				</w2:column>
    				<w2:column removeBorderStyle="false" width="70" inputType="text" style="height:20px" id="col2" value=""
    					blockSelect="false" displayMode="label">
    				</w2:column>
    				<w2:column removeBorderStyle="false" width="70" inputType="text" style="height:20px" id="col3" value=""
    					blockSelect="false" displayMode="label">
    				</w2:column>
    				<w2:column removeBorderStyle="false" width="70" inputType="text" style="height:20px" id="col4" value=""
    					blockSelect="false" displayMode="label" dataType="number" displayFormat="#,###" textAlign="right">
    				</w2:column>
    			</w2:row>
    		</w2:gBody>
    		<w2:subTotal targetColumnID="col1" style="" id="subTotal1">
    			<w2:row style="" id="row4">
    				<w2:column removeBorderStyle="false" width="70" inputType="text" style="height:20px" id="column12" value=""
    					blockSelect="false" displayMode="label">
    				</w2:column>
    				<w2:column removeBorderStyle="false" width="70" inputType="text" style="height:20px" id="column11" value=""
    					blockSelect="false" displayMode="label">
    				</w2:column>
    				<w2:column removeBorderStyle="false" width="70" inputType="text" style="height:20px" id="column10" value="소계"
    					blockSelect="false" displayMode="label">
    				</w2:column>
    				<w2:column removeBorderStyle="false" width="70" inputType="expression" style="height:20px" id="column9" value=""
    					blockSelect="false" displayMode="label" expression="sum('col4')" dataType="number" displayFormat="#,###" textAlign="right">
    				</w2:column>
    			</w2:row>
    		</w2:subTotal>
    	</w2:gridView>
    	<xf:trigger type="button" style="width: 80px;height: 23px;" id="trigger1" ev:onclick="scwin.trigger1_onclick">
    		<xf:label><![CDATA[excel]]></xf:label>
    	</xf:trigger>
    	<xf:trigger type="button" style="width:125px;height:23px;" id="trigger2" ev:onclick="scwin.trigger2_onclick">
    		<xf:label><![CDATA[setSubtotalVisible]]></xf:label>
    	</xf:trigger>
    </body>
</html>
