<?xml version="1.0" encoding="UTF-8"?>
<html xmlns="http://www.w3.org/1999/xhtml"
    xmlns:ev="http://www.w3.org/2001/xml-events"
    xmlns:w2="http://www.inswave.com/websquare" xmlns:xf="http://www.w3.org/2002/xforms">
    <head>
        <w2:type>COMPONENT</w2:type>
        <w2:buildDate/>
        <w2:MSA/>
        <xf:model>
            <w2:dataCollection baseNode="map">
            	<w2:dataList baseNode="list" repeatNode="map" id="dataList1" saveRemovedData="true">
            		<w2:columnInfo>
            			<w2:column id="col1" name="name1" dataType="text"></w2:column>
            			<w2:column id="col2" name="name2" dataType="text"></w2:column>
            			<w2:column id="col3" name="name3" dataType="text"></w2:column>
            		</w2:columnInfo>
            		<w2:data use="true">
            			<w2:row>
            				<col1><![CDATA[내용입니다. 내용입니다. 내용입니다.]]></col1>
            				<col2><![CDATA[내용2]]></col2>
            				<col3><![CDATA[내용3]]></col3>
            			</w2:row>
            		</w2:data>
            	</w2:dataList>
            </w2:dataCollection>
            <w2:workflowCollection/>
        </xf:model>
        <w2:layoutInfo/>
        <w2:publicInfo method=""/>
        <script lazy="false" type="text/javascript"><![CDATA[
scwin.onpageload = function() {
	$(window).resize(function() {
        if($(window).width() < 768) {
        // window 크기가 768보다 작을때
            gridView1.setColumnWidth(1, 100);
        } else {
        // window 크기가 768보다 클때
        }
    }).resize();
};
]]></script>
    </head>
    <body ev:onpageload="scwin.onpageload">
    	<w2:gridView checkAllType="false" defaultCellHeight="20" id="gridView1" style="height: 150px;" dataList="data:dataList1">
    		<w2:caption style="" id="caption1" value="this is a grid caption."></w2:caption>
    		<w2:header style="" id="header1">
    			<w2:row style="" id="row1">
    				<w2:column width="500" inputType="text" style="" id="column3" value="제목1" displayMode="label"></w2:column>
    				<w2:column width="300" inputType="text" style="" id="column2" value="제목2" displayMode="label"></w2:column>
    				<w2:column width="70" inputType="text" style="" id="column1" value="제목3" displayMode="label"></w2:column>
    			</w2:row>
    		</w2:header>
    		<w2:gBody style="" id="gBody1">
    			<w2:row style="" id="row2">
    				<w2:column width="500" inputType="text" style="" id="col1" value="" displayMode="label"></w2:column>
    				<w2:column width="300" inputType="text" style="" id="col2" value="" displayMode="label"></w2:column>
    				<w2:column width="70" inputType="text" style="" id="col3" value="" displayMode="label"></w2:column>
    			</w2:row>
    		</w2:gBody>
    	</w2:gridView>
    </body>
</html>
