<?xml version="1.0" encoding="UTF-8"?>
<html xmlns="http://www.w3.org/1999/xhtml"
    xmlns:ev="http://www.w3.org/2001/xml-events"
    xmlns:w2="http://www.inswave.com/websquare" xmlns:xf="http://www.w3.org/2002/xforms">
    <head meta_vertical_guides="" meta_horizontal_guides="">
    	<w2:type>DEFAULT</w2:type>
        <w2:buildDate/>
        <xf:model>
            <xf:instance>
                <data xmlns=""/>
            </xf:instance>
            <w2:dataCollection baseNode="map">
            	<w2:dataList
            		baseNode="list"
            		repeatNode="map"
            		id="dataList1"
            		saveRemovedData="true"
            	>
            		<w2:columnInfo>
            			<w2:column
            				id="col1"
            				name="name1"
            				dataType="text"
            			>
            			</w2:column>
            			<w2:column
            				id="col2"
            				name="name2"
            				dataType="text"
            			>
            			</w2:column>
            			<w2:column
            				id="col3"
            				name="name3"
            				dataType="text"
            			>
            			</w2:column>
            			<w2:column
            				id="col4"
            				name="name4"
            				dataType="text"
            			>
            			</w2:column>
            			<w2:column
            				id="col5"
            				name="name5"
            				dataType="text"
            			>
            			</w2:column>
            		</w2:columnInfo>
            		<w2:data use="true">
            			<w2:row>
            				<col1><![CDATA[1]]></col1>
            				<col2><![CDATA[1]]></col2>
            				<col3><![CDATA[2]]></col3>
            				<col4><![CDATA[1]]></col4>
            				<col5><![CDATA[1]]></col5>
            			</w2:row>
            			<w2:row>
            				<col1><![CDATA[2]]></col1>
            				<col2><![CDATA[2]]></col2>
            				<col3><![CDATA[1]]></col3>
            				<col4><![CDATA[2]]></col4>
            				<col5><![CDATA[2]]></col5>
            			</w2:row>
            			<w2:row>
            				<col1><![CDATA[3]]></col1>
            				<col2><![CDATA[3]]></col2>
            				<col3><![CDATA[3]]></col3>
            				<col4><![CDATA[3]]></col4>
            				<col5><![CDATA[3]]></col5>
            			</w2:row>
            		</w2:data>
            	</w2:dataList>
            </w2:dataCollection>
            <w2:workflowCollection>
            </w2:workflowCollection>
        </xf:model>
         <script type="text/javascript" lazy="false"><![CDATA[
scwin.onpageload = function () {

	// Jquery 반응형
	$(window).resize(function() {
	if($(window).width() < 768) {
	// window 크기가 768보다 작을때
		gridView1.setColumnVisible(2, false);
		gridView1.setColumnWidth(3, 30);
	} else {
	// window 크기가 768보다 클때
		gridView1.setColumnVisible(2, true);
	}
}).resize();
};

scwin.onpageunload = function () {

};


// 툴팁 설정정
scwin.getHeaderTooltip = function () {
	let txt = "text";

	return txt;
}

scwin.getValueTooltip = function (rowIndex, colIndex, label) {
	let txt = `${rowIndex}열 ${colIndex}행의 변환하고 싶은 값`;

	return txt;
}]]></script>
	<style>
	<![CDATA[
		/*
		@media screen and (max-width: 600px) {
		#mf_gridView1_column7 {display : none;}
		      th:nth-child(4) { display: none; }   
		      tr:nth-child(4) { display: none; }
		}
		*/
	]]>
	</style>
    </head>
    <body
    	ev:onpageload="scwin.onpageload"
    	ev:onpageunload="scwin.onpageunload"
    >
    
    뱅크 - 우리저축은행  김나연  파일 관리쪽  파일 업로드/다운로드
    
    	<w2:gridView
    		checkAllType="false"
    		scrollByColumn="false"
    		defaultCellHeight="20"
    		scrollByColumnAdaptive="false"
    		id="gridView1"
    		style="position:absolute;top:79px;left:62px;width:500px;height:380px;"
    		dataList="data:dataList1"
    		tooltipDisplay="true"
    		tooltipHeader="false"
    		tooltipHeaderShowAlways="false"
    		tooltipShowAlways="true"
    		tooltipFormatter="scwin.getValueTooltip"
    	autoFit="allColumn" tooltipPositionY="-5" tooltipPositionX="55" adaptive="crosstab">
    		<w2:caption
    			style=""
    			id="caption2"
    			value="this is a grid caption."
    		>
    		</w2:caption>
    		<w2:header
    			style=""
    			id="header2"
    		>
    			<w2:row
    				style=""
    				id="row3"
    			>
    				<w2:column
    					width="70"
    					inputType="text"
    					style="height:20px"
    					id="column7"
    					value="name1"
    					displayMode="label"
    				>
    				</w2:column>
    				<w2:column
    					width="70"
    					inputType="text"
    					style="height:20px"
    					id="column6"
    					value="name2"
    					displayMode="label"
    				>
    				</w2:column>
    				<w2:column
    					width="70"
    					inputType="text"
    					style="height:20px"
    					id="column5"
    					value="name3"
    					displayMode="label"
    				adaptiveStyle="size">
    				</w2:column>
    				<w2:column
    					width="70"
    					inputType="text"
    					style="height:20px"
    					id="column4"
    					value="name4"
    					displayMode="label"
    				adaptiveStyle="size" class="">
    				</w2:column>
    				<w2:column
    					width="70"
    					inputType="text"
    					style="height:20px"
    					id="column3"
    					value="name5"
    					displayMode="label"
    				adaptiveStyle="48px">
    				</w2:column>
    			</w2:row>
    		</w2:header>
    		<w2:gBody
    			style=""
    			id="gBody2"
    		>
    			<w2:row
    				style=""
    				id="row4"
    			>
    				<w2:column
    					width="70"
    					inputType="text"
    					style=""
    					id="col1"
    					value=""
    					displayMode="label"
    				adaptiveStyle="size">
    				</w2:column>
    				<w2:column
    					width="70"
    					inputType="text"
    					style="height:20px"
    					id="col2"
    					value=""
    					displayMode="label"
    				>
    				</w2:column>
    				<w2:column
    					width="70"
    					inputType="text"
    					style="height:20px"
    					id="col3"
    					value=""
    					displayMode="label"
    				>
    				</w2:column>
    				<w2:column
    					width="70"
    					inputType="text"
    					style="height:20px"
    					id="col4"
    					value=""
    					displayMode="label"
    				>
    				</w2:column>
    				<w2:column
    					width="70"
    					inputType="text"
    					style=""
    					id="col5"
    					value=""
    					displayMode="label" adaptiveStyle="height : 48px;">
    				</w2:column>
    			</w2:row>
    		</w2:gBody>
    	</w2:gridView>
    	<w2:textbox
    		id=""
    		label="cell에 adaptiveStyle 속성을 사용하여 높이 조절"
    		style="position:absolute;top:31px;left:62px;width:499px;height:34px;font-size:20px;"
    	>
    	</w2:textbox>
    </body>
</html>
