<?xml version="1.0" encoding="UTF-8"?>
<html xmlns="http://www.w3.org/1999/xhtml"
    xmlns:ev="http://www.w3.org/2001/xml-events"
    xmlns:w2="http://www.inswave.com/websquare" xmlns:xf="http://www.w3.org/2002/xforms">
    <head>
        <w2:type>COMPONENT</w2:type>
        <w2:buildDate/>
        <w2:MSA/>
        <xf:model>
            <w2:dataCollection baseNode="map">
            	<w2:dataList baseNode="list" repeatNode="map" id="dataList1" saveRemovedData="true">
            		<w2:columnInfo>
            			<w2:column id="col1" name="name1" dataType="text"></w2:column>
            			<w2:column id="col2" name="name2" dataType="text"></w2:column>
            			<w2:column id="col3" name="name3" dataType="text"></w2:column>
            		</w2:columnInfo>
            		<w2:data use="true">
            			<w2:row>
            				<col2><![CDATA[1]]></col2>
            				<col3><![CDATA[사용자 관리]]></col3>
            			</w2:row>

            			<w2:row>
            				<col2><![CDATA[2]]></col2>
            				<col3><![CDATA[관리자 관리]]></col3>
            			</w2:row>
            			<w2:row>
            				<col2><![CDATA[3]]></col2>
            				<col3><![CDATA[관리자 등록]]></col3>
            			</w2:row>
            			<w2:row>
            				<col3><![CDATA[관리자 상세정보]]></col3>
            				<col2><![CDATA[3]]></col2>
            			</w2:row>
            			<w2:row>
            				<col2><![CDATA[2]]></col2>
            				<col3><![CDATA[관리자 권한 관리]]></col3>
            			</w2:row>
            			<w2:row>
            				<col2><![CDATA[2]]></col2>
            				<col3><![CDATA[관리자 권한 관리 상세]]></col3>
            			</w2:row>
            			<w2:row>
            				<col2><![CDATA[1]]></col2>
            				<col3><![CDATA[대국민 서비스 관리]]></col3>
            			</w2:row>
            			<w2:row>
            				<col2><![CDATA[2]]></col2>
            				<col3><![CDATA[민원 정보 관리]]></col3>
            			</w2:row>
            			<w2:row>
            				<col2><![CDATA[2]]></col2>
            				<col3><![CDATA[민원 접수환황 관리]]></col3>
            			</w2:row>
            			<w2:row>
            				<col2><![CDATA[2]]></col2>
            				<col3><![CDATA[코드 관리]]></col3>
            			</w2:row>
            		</w2:data>
            	</w2:dataList>
            </w2:dataCollection>
            <w2:workflowCollection/>
        </xf:model>
        <w2:layoutInfo/>
        <w2:publicInfo method=""/>
        <script lazy="false" type="text/javascript"><![CDATA[
scwin.onpageload = function() {
	
};
]]></script>
    </head>
    <body ev:onpageload="scwin.onpageload">
    	<w2:gridView checkAllType="false" scrollByColumn="false" senseReader="true" focusMove="false" keyMoveEditMode="true" id="" dataList="data:dataList1" class="grid_table noelips scroll" visibleRowNum="all" oddEvenColorDisplay="false" noResultMessageStyle="position: absolute; display: block; left: 40%; width: 20%; top: 40%; text-align:center;" noResultMessage="데이터가 없습니다." readOnly="true" autoFitMinWidth="1000" autoFit="allColumn" noResultMessageVisibleAlways="true" noResultMessageVisible="true" style="height:20vh;">
    		<w2:caption style="" id="caption1" value="this is a grid caption."></w2:caption>
    		<w2:header style="" id="header1">
    			<w2:row style="" id="row1">
    				<w2:column width="40" inputType="checkbox" style="" id="" value="체크박스" displayMode="label"></w2:column>
					<w2:column width="60" inputType="text" style="" id="" value="뎁스" displayMode="label"></w2:column>
					<w2:column width="800" inputType="text" style="" id="" value="메뉴목록" displayMode="label"></w2:column>
    			</w2:row>
    		</w2:header>
    		<w2:gBody style="" id="gBody1">
    			<w2:row style="" id="row2">
    				<w2:column width="40" inputType="checkbox" style="" id="col1" value="" displayMode="label" readOnly="false"></w2:column>
    				<w2:column width="60" inputType="text" style="" id="col2" value="" displayMode="label"></w2:column>
    				<w2:column width="800" style="" id="col3" value="" displayMode="label" textAlign="left" inputType="drilldown" depthColumn="Depth" depthType="line" showDepth="3"></w2:column>
    				
    			</w2:row>
    		</w2:gBody>
    	</w2:gridView>
    </body>
</html>
