<?xml version="1.0" encoding="UTF-8"?>
<html xmlns="http://www.w3.org/1999/xhtml"
    xmlns:ev="http://www.w3.org/2001/xml-events"
    xmlns:w2="http://www.inswave.com/websquare" xmlns:xf="http://www.w3.org/2002/xforms">
    <head>
        <w2:type>COMPONENT</w2:type>
        <w2:buildDate/>
        <w2:MSA/>
        <xf:model>
            <w2:dataCollection baseNode="map"/>
            <w2:workflowCollection/>
        </xf:model>
        <w2:layoutInfo/>
        <w2:publicInfo method=""/>
        <script lazy="false" type="text/javascript"><![CDATA[
scwin.onpageload = function() {
	
};
]]></script>
    </head>
    <body ev:onpageload="scwin.onpageload">
    	<xf:group id="" class="sub_contents">
    		<xf:group id="" class="login">
    			<xf:group id="" class="guide_box top_help">
    				<xf:group id="" class="ico" tagname="span"></xf:group>
    				<w2:textbox id="" label="인증회원으로 로그인하신 회원만 이용 가능한 서비스입니다.&lt;br/&gt;아래 [인증회원] 로그인 수단을 통해 로그인 후 이용해 주세요." tagname="p"
    					escape="false">
    				</w2:textbox>
    				<xf:trigger type="button" id="" style="" class="btn_base ico_r" title="메인으로 이동하기">
    					<xf:label><![CDATA[메인으로 이동]]></xf:label>
    				</xf:trigger>
    			</xf:group>
    			<xf:group id="" class="login_box">
    				<xf:group id="" class="item">
    					<w2:textbox id="" label="간편인증" style="" tagname="h3"></w2:textbox>
    					<xf:image src="/cm/images/kics/common/ico_login1.png" id=""></xf:image>
    					<w2:textbox id="" label="인카카오톡, KB국민은행, 페이코, 통신사 패스, 삼성패스, 네이버, 신한은행, 농협은행, 뱅크샐러드, 하나은행, 토스를 이용하여 로그인하실 수 있습니다."
    						tagname="p" escape="false">
    					</w2:textbox>
    					<xf:trigger type="button" id="" style="" class="btn_base_lg" title="간편인증 로그인">
    						<xf:label><![CDATA[간편인증 로그인]]></xf:label>
    					</xf:trigger>
    				</xf:group>
    				<xf:group id="" class="item">
    					<w2:textbox id="" label="간편인증" style="" tagname="h3"></w2:textbox>
    					<xf:image src="/cm/images/kics/common/ico_login2.png" id=""></xf:image>
    					<w2:textbox id="" label="금융인증서, 공동인증서,  행정전자서명 인증서를 이용하여 로그인하실 수 있습니다."
    						tagname="p" escape="false">
    					</w2:textbox>
    					<xf:trigger type="button" id="" style="" class="btn_base_lg" title="인증서 로그인">
    						<xf:label><![CDATA[인증서 로그인]]></xf:label>
    					</xf:trigger>
    				</xf:group>
    				<xf:group id="" class="item">
    					<w2:textbox id="" label="간편인증" style="" tagname="h3"></w2:textbox>
    					<xf:image src="/cm/images/kics/common/ico_login3.png" id=""></xf:image>
    					<w2:textbox id="" label="형사사법포털 앱에서 휴대폰 인증 후, 지문을 등록하여 이용 가능합니다.&lt;span&gt;*안드로이드만 이용 가능합니다.&lt;/span&gt;" tagname="p" escape="false">
    					</w2:textbox>
    					<xf:trigger type="button" id="" style="" class="btn_base_lg" title="지문 로그인">
    						<xf:label><![CDATA[지문 로그인]]></xf:label>
    					</xf:trigger>
    				</xf:group>
    			</xf:group>
    			<xf:group id="" class="guide_box help">
	    			<xf:group id="" class="ico" tagname="span"></xf:group>
	    			<xf:group id="" class="">
		    			<xf:group id="" class="ico_i" tagname="strong">인증회원 로그인 시 참고사항</xf:group>
		    			<xf:group id="" class="list_con dot" tagname="ul">
		    				<w2:textbox id="" label="인증회원의 모든 로그인 수단은, 형사사법포털의 회원가입 후 이용 가능합니다." tagname="li"></w2:textbox>
		    				<w2:textbox id="" label="간편인증 로그인은 회원가입 후 별도의 등록 없이 보유하신 수단으로 이용 가능합니다." tagname="li"></w2:textbox>
		    				<w2:textbox id="" label="공동·금융·행정전자서명 인증서 로그인은 회원가입 후 MY KICS에서 등록하셔서 이용 가능합니다.&lt;p class='f_blue'&gt;- 등록방법 : 회원가입 > MY KICS > 인증서 관리 > 보유하신 공동·금융·행정전자서명 인증서 등록&lt;/p&gt;" tagname="li" escape="false"></w2:textbox>
		    				<xf:group id="" class="" tagname="li">
		    					<w2:textbox id="" label="보유하신 공동인증서가 없으신 경우, 공동인증서 발급 기관을 통해서도 발급 가능합니다." tagname="span"></w2:textbox>
		    					<xf:trigger type="button" id="" style="" class="btn" title="공동인증안내 보기">
		    						<xf:label><![CDATA[공동인증안내 보기]]></xf:label>
		    					</xf:trigger>
		    				</xf:group>
		    				<w2:textbox id="" label="지문 로그인은 회원가입 후 앱을 통하여 지문을 등록해 주셔야 이용 가능합니다.&lt;p class='f_blue'&gt;- 등록방법 : 회원가입 > 형사사법포털 앱 설치 > 앱 실행 > MY KICS > 지문 로그인 관리 > 휴대전화번호 인증 > 지문 등록&lt;/p&gt;" tagname="li" escape="false"></w2:textbox>
		    			</xf:group>
		    		</xf:group>
	    		</xf:group>
    		</xf:group>
    	</xf:group>
    	
    </body>
</html>
