<?xml version="1.0" encoding="UTF-8"?>
<html xmlns="http://www.w3.org/1999/xhtml"
    xmlns:ev="http://www.w3.org/2001/xml-events"
    xmlns:w2="http://www.inswave.com/websquare" xmlns:xf="http://www.w3.org/2002/xforms">
    <head>
        <w2:type>COMPONENT</w2:type>
        <w2:buildDate/>
        <w2:MSA/>
        <xf:model>
            <w2:dataCollection baseNode="map"/>
            <w2:workflowCollection/>
        </xf:model>
        <w2:layoutInfo/>
        <w2:publicInfo method=""/>
        <script lazy="false" type="text/javascript"><![CDATA[
scwin.onpageload = function() {
	
};
]]></script>
    </head>
    <body ev:onpageload="scwin.onpageload">
    	<w2:textbox id="" label="My KICS" tagname="h2" class="h2_title"></w2:textbox>
    	<xf:group id="" class="sub_contents">
    		<xf:group id="" class="mykics">
    			<!-- mykics_top -->
    			<xf:group id="" class="mykics_top">
    				<xf:group id="" class="myinfo">
    					<xf:group id="" class="mystate">
    						<w2:textbox id="" label="안녕하세요.&lt;span&gt;김형사&lt;/span&gt;님!" tagname="strong" class="greeting"
    							escape="false">
    						</w2:textbox>
    						<xf:group id="" class="flex">
    							<w2:textbox id="" label="전자적 송달/통지에 &lt;strong&gt;사전 포괄동의를 하지 않으셨습니다.&lt;/strong&gt;" tagname="p"
    								class="txt" escape="false">
    							</w2:textbox>
    							<xf:trigger type="button" id="" style="" class="btn_base ico_r" title="신청하기">
    								<xf:label><![CDATA[신청하기]]></xf:label>
    							</xf:trigger>
    						</xf:group>
    					</xf:group>
    					<w2:anchor outerDiv="false" id="" escape="false" class="myalarm">
				    		<xf:label><![CDATA[확인하지 않으신 알림이 총<span class="num">3</span>건 있습니다.]]></xf:label>
				    	</w2:anchor>
    					<xf:group class="btn_area">
    						<xf:trigger type="button" id="" style="" class="btn_base_lg gray" title="미납벌과금 확인">
    							<xf:label><![CDATA[미납벌과금 확인]]></xf:label>
    						</xf:trigger>
    						<xf:trigger type="button" id="" style="" class="btn_base_lg gray line" title="가납금 환급대상 확인">
    							<xf:label><![CDATA[가납금 환급대상 확인]]></xf:label>
    						</xf:trigger>
    					</xf:group>
    				</xf:group>
    				<xf:group id="" class="myreq">

    				</xf:group>
    			</xf:group>
    			<!-- //mykics_top -->
    		</xf:group>
    	</xf:group>

    	
    </body>
</html>
