<?xml version="1.0" encoding="UTF-8"?>
<html xmlns="http://www.w3.org/1999/xhtml"
    xmlns:ev="http://www.w3.org/2001/xml-events"
    xmlns:w2="http://www.inswave.com/websquare" xmlns:xf="http://www.w3.org/2002/xforms">
    <head>
        <w2:type>COMPONENT</w2:type>
        <w2:buildDate/>
        <w2:MSA/>
        <xf:model>
            <w2:dataCollection baseNode="map"/>
            <w2:workflowCollection/>
        </xf:model>
        <w2:layoutInfo/>
        <w2:publicInfo method=""/>
        <script lazy="false" type="text/javascript"><![CDATA[
scwin.onpageload = function() {
	
};
]]></script>
    </head>
    <body ev:onpageload="scwin.onpageload">
    	<w2:textbox id="" label="민원 신청" tagname="h2" class="h2_title"></w2:textbox>
	    <xf:group id="" class="sub_contents">
	   		<xf:group id="" class="civil_apply">
		    	<xf:group id="" class="guide_box top_help">
		    		<xf:group id="" class="ico" tagname="span"></xf:group>
		    		<w2:textbox id="" label="경찰,해양경찰,검찰,법무부 관련 다양한 민원 신청을 하실 수 있습니다." tagname="p"></w2:textbox>
		    	</xf:group>
		    	<!-- filter -->
		    	<xf:group id="" class="filter_box">
		    		<xf:group id="" class="filter_top">
		    			<w2:anchor outerDiv="false" id="" class="on">
		    				<xf:label><![CDATA[필터선택]]></xf:label>
		    			</w2:anchor>
		    			<xf:group id="" class="filter_reset">
		    				<xf:trigger type="button" id="" style="" class="btn_base ico_r reset" title="초기화">
		    					<xf:label><![CDATA[필터 초기화]]></xf:label>
		    				</xf:trigger>
		    				<w2:textbox id="" label="기관, 사건관계인의 필터는 선택된 분류에 따라 유동적으로 노출됩니다. 초기화를 원하시는 경우 초기화를 진행해 주세요." tagname="span"
		    					class="ico_i">
		    				</w2:textbox>
		    			</xf:group>
		    		</xf:group>
		    		<xf:group tagname="table" style="width:100%;" id="" class="w2tb" adaptive="layout" adaptiveThreshold="1000">
		    			<w2:attributes>
		    				<w2:summary></w2:summary>
		    			</w2:attributes>
		    			<xf:group tagname="caption">분류,기관,사건관계인으로&amp;nbsp;구성된&amp;nbsp;필터&amp;nbsp;선택&amp;nbsp;테이블</xf:group>
		    			<xf:group tagname="colgroup">
		    				<xf:group tagname="col" style="width:12.00%;"></xf:group>
		    				<xf:group tagname="col"></xf:group>
		    			</xf:group>
		    			<xf:group tagname="tr" style="">
		    				<xf:group tagname="th" style="" class="w2tb_th">분류<w2:attributes>
		    						<w2:scope>row</w2:scope>
		    					</w2:attributes></xf:group>
		    				<xf:group tagname="td" style="" class="w2tb_td">
		    					<xf:group class="filter_chk">
		    						<xf:select selectedindex="-1" id="" appearance="full" style="" renderType="checkboxgroup" cols=""
		    							rows="" ref="" class="chk">
		    							<xf:choices>
		    								<xf:item>
		    									<xf:label><![CDATA[수사 중 사건 관료 자료제출 및 신청]]></xf:label>
		    									<xf:value><![CDATA[]]></xf:value>
		    								</xf:item>
		    								<xf:item>
		    									<xf:label><![CDATA[피해자보호·지원]]></xf:label>
		    		ㄱ							<xf:value><![CDATA[]]></xf:value>
		    								</xf:item>
		    								<xf:item>
		    									<xf:label><![CDATA[체포·구속 보증금]]></xf:label>
		    									<xf:value><![CDATA[]]></xf:value>
		    								</xf:item>
		    								<xf:item>
		    									<xf:label><![CDATA[벌과금]]></xf:label>
		    									<xf:value><![CDATA[]]></xf:value>
		    								</xf:item>
		    								<xf:item>
		    									<xf:label><![CDATA[사건처리결과 및 이의제기]]></xf:label>
		    									<xf:value><![CDATA[]]></xf:value>
		    								</xf:item>
		    								<xf:item>
		    									<xf:label><![CDATA[형사보상]]></xf:label>
		    									<xf:value><![CDATA[]]></xf:value>
		    								</xf:item>
		    								<xf:item>
		    									<xf:label><![CDATA[보호관찰]]></xf:label>
		    									<xf:value><![CDATA[]]></xf:value>
		    								</xf:item>
		    							</xf:choices>
		    						</xf:select>
		    					</xf:group>
		    				</xf:group>
		    			</xf:group>
		    			<xf:group tagname="tr" style="">
		    				<xf:group tagname="th" style="" class="w2tb_th">기관<w2:attributes>
		    						<w2:scope>row</w2:scope>
		    					</w2:attributes></xf:group>
		    				<xf:group tagname="td" style="" class="w2tb_td"></xf:group>
		    			</xf:group>
		    			<xf:group tagname="tr" style="">
		    				<xf:group tagname="th" style="" class="w2tb_th">사건관계인<w2:attributes>
		    						<w2:scope>row</w2:scope>
		    					</w2:attributes></xf:group>
		    				<xf:group tagname="td" style="" class="w2tb_td"></xf:group>
		    			</xf:group>
		    		</xf:group>
		    	</xf:group>
		    	<!-- //filter -->
		   		<xf:group class="btn_area center">
	    			<xf:trigger type="button" id="" style="" class="btn_base gray" title="닫기">
	    				<xf:label><![CDATA[닫기]]></xf:label>
	    			</xf:trigger>
	    			<xf:trigger type="button" id="" style="" class="btn_base" title="검색하기">
	    				<xf:label><![CDATA[검색]]></xf:label>
	    			</xf:trigger>
	    		</xf:group>
		   		<xf:group id="" class="classify">
		   			<xf:group id="" tagname="ul">
		   				<xf:group id="" tagname="li" class="on">
		   					<xf:trigger type="button" id="" class="btn">
		   						<xf:label><![CDATA[전체]]></xf:label>
		   					</xf:trigger>
		   					<w2:span label="(60)" style="" id=""></w2:span>
		   				</xf:group>
		   				<xf:group id="" tagname="li">
		   					<xf:trigger type="button" id="" class="btn">
		   						<xf:label><![CDATA[피해자 보호·지원]]></xf:label>
		   					</xf:trigger>
		   					<w2:span label="(60)" style="" id=""></w2:span>
		   				</xf:group>
		   				<xf:group id="" tagname="li">
		   					<xf:trigger type="button" id="" class="btn">
		   						<xf:label><![CDATA[수사 중 사건 관련 자료제출]]></xf:label>
		   					</xf:trigger>
		   					<w2:span label="(60)" style="" id=""></w2:span>
		   				</xf:group>
		   				<xf:group id="" tagname="li">
		   					<xf:trigger type="button" id="" class="btn">
		   						<xf:label><![CDATA[체포·구속 보증금]]></xf:label>
		   					</xf:trigger>
		   					<w2:span label="(60)" style="" id=""></w2:span>
		   				</xf:group>
		   				<xf:group id="" tagname="li">
		   					<xf:trigger type="button" id="" class="btn">
		   						<xf:label><![CDATA[벌과금]]></xf:label>
		   					</xf:trigger>
		   					<w2:span label="(60)" style="" id=""></w2:span>
		   				</xf:group>
		   				<xf:group id="" tagname="li">
		   					<xf:trigger type="button" id="" class="btn">
		   						<xf:label><![CDATA[사건처리결과 및 이의제기]]></xf:label>
		   					</xf:trigger>
		   					<w2:span label="(7)" style="" id=""></w2:span>
		   				</xf:group>
		   				<xf:group id="" tagname="li">
		   					<xf:trigger type="button" id="" class="btn">
		   						<xf:label><![CDATA[항고·재항고]]></xf:label>
		   					</xf:trigger>
		   					<w2:span label="(7)" style="" id=""></w2:span>
		   				</xf:group>
		   				<xf:group id="" tagname="li">
		   					<xf:trigger type="button" id="" class="btn">
		   						<xf:label><![CDATA[형사보상]]></xf:label>
		   					</xf:trigger>
		   					<w2:span label="(3)" style="" id=""></w2:span>
		   				</xf:group>
		   				<xf:group id="" tagname="li">
		   					<xf:trigger type="button" id="" class="btn">
		   						<xf:label><![CDATA[사건기록 등 열람]]></xf:label>
		   					</xf:trigger>
		   					<w2:span label="(3)" style="" id=""></w2:span>
		   				</xf:group>
		   				<xf:group id="" tagname="li">
		   					<xf:trigger type="button" id="" class="btn">
		   						<xf:label><![CDATA[보호관찰]]></xf:label>
		   					</xf:trigger>
		   					<w2:span label="(0)" style="" id=""></w2:span>
		   				</xf:group>
		   				<xf:group id="" tagname="li">
		   					<xf:trigger type="button" id="" class="btn">
		   						<xf:label><![CDATA[과태료]]></xf:label>
		   					</xf:trigger>
		   					<w2:span label="(0)" style="" id=""></w2:span>
		   				</xf:group>
		   			</xf:group>
		   		</xf:group>
		   		<xf:group class="sch_area">
		   			<xf:group tagname="h2">
		   				<w2:span label="전체" style="" id=""></w2:span>
						<w2:span label="(144건)" style="" id=""></w2:span>
		   			</xf:group>
		   			<xf:group class="sch">
    					<xf:input adjustMaxLength="false" id="" style="" class="sch_input"></xf:input>
    					<w2:anchor outerDiv="false" id="" escape="false">
    						<xf:label><![CDATA[검색하기]]></xf:label>
    					</w2:anchor>
    				</xf:group>
    			</xf:group>
    			<!-- 민원 서비스 -->
    			<xf:group class="civil_sv">
	    			<xf:group tagname="ul" class="sv_content">
						<xf:group tagname="li">
							<xf:trigger type="button" id="" style="" class="ico_fav">
								<xf:label><![CDATA[즐겨찾기]]></xf:label>
							</xf:trigger>
							<xf:group class="top">
								<xf:group class="ico_org police">
									<w2:span label="경찰" style="" id=""></w2:span>
								</xf:group>
								<w2:textbox id="" label="불송치 결정 이의신청서 " style="" class="" tagname="strong"></w2:textbox>
							</xf:group>
							<w2:textbox id="" label="경찰의 사건 불송치에 대해 당사자가 이의를 신청할 수 있습니다." style="" class="sv_desc" tagname="p"></w2:textbox>
							<xf:group class="btn_area">
								<xf:trigger type="button" id="" style="" class="btn_base gray">
									<xf:label><![CDATA[안내]]></xf:label>
								</xf:trigger>
								<xf:trigger type="button" id="" style="" class="btn_base ico_r">
									<xf:label><![CDATA[신청]]></xf:label>
								</xf:trigger>
							</xf:group>
						</xf:group>
						<xf:group tagname="li">
							<xf:trigger type="button" id="" style="" class="ico_fav">
								<xf:label><![CDATA[즐겨찾기]]></xf:label>
							</xf:trigger>
							<xf:group class="top">
								<xf:group class="ico_org sea_police">
									<w2:span label="해양경찰" style="" id=""></w2:span>
								</xf:group>
								<w2:textbox id="" label="불송치 결정 이의신청서 " style="" class="" tagname="strong"></w2:textbox>
							</xf:group>
							<w2:textbox id="" label="경찰의 사건 불송치에 대해 당사자가 이의를 신청할 수 있습니다." style="" class="sv_desc" tagname="p"></w2:textbox>
							<xf:group class="btn_area">
								<xf:trigger type="button" id="" style="" class="btn_base gray">
									<xf:label><![CDATA[안내]]></xf:label>
								</xf:trigger>
								<xf:trigger type="button" id="" style="" class="btn_base ico_r">
									<xf:label><![CDATA[신청]]></xf:label>
								</xf:trigger>
							</xf:group>
						</xf:group>
						<xf:group tagname="li">
							<xf:trigger type="button" id="" style="" class="ico_fav">
								<xf:label><![CDATA[즐겨찾기]]></xf:label>
							</xf:trigger>
							<xf:group class="top">
								<xf:group class="ico_org sea_police">
									<w2:span label="해양경찰" style="" id=""></w2:span>
								</xf:group>
								<w2:textbox id="" label="불송치 결정 이의신청서 " style="" class="" tagname="strong"></w2:textbox>
							</xf:group>
							<w2:textbox id="" label="경찰의 사건 불송치에 대해 당사자가 이의를 신청할 수 있습니다." style="" class="sv_desc" tagname="p"></w2:textbox>
							<xf:group class="btn_area">
								<xf:trigger type="button" id="" style="" class="btn_base gray">
									<xf:label><![CDATA[안내]]></xf:label>
								</xf:trigger>
								<xf:trigger type="button" id="" style="" class="btn_base ico_r">
									<xf:label><![CDATA[신청]]></xf:label>
								</xf:trigger>
							</xf:group>
						</xf:group>
						<xf:group tagname="li">
							<xf:trigger type="button" id="" style="" class="ico_fav">
								<xf:label><![CDATA[즐겨찾기]]></xf:label>
							</xf:trigger>
							<xf:group class="top">
								<xf:group class="ico_org sea_police">
									<w2:span label="해양경찰" style="" id=""></w2:span>
								</xf:group>
								<w2:textbox id="" label="불송치 결정 이의신청서 " style="" class="" tagname="strong"></w2:textbox>
							</xf:group>
							<w2:textbox id="" label="경찰의 사건 불송치에 대해 당사자가 이의를 신청할 수 있습니다." style="" class="sv_desc" tagname="p"></w2:textbox>
							<xf:group class="btn_area">
								<xf:trigger type="button" id="" style="" class="btn_base gray">
									<xf:label><![CDATA[안내]]></xf:label>
								</xf:trigger>
								<xf:trigger type="button" id="" style="" class="btn_base ico_r">
									<xf:label><![CDATA[신청]]></xf:label>
								</xf:trigger>
							</xf:group>
						</xf:group>
						<xf:group tagname="li">
							<xf:trigger type="button" id="" style="" class="ico_fav">
								<xf:label><![CDATA[즐겨찾기]]></xf:label>
							</xf:trigger>
							<xf:group class="top">
								<xf:group class="ico_org sea_police">
									<w2:span label="해양경찰" style="" id=""></w2:span>
								</xf:group>
								<w2:textbox id="" label="불송치 결정 이의신청서 " style="" class="" tagname="strong"></w2:textbox>
							</xf:group>
							<w2:textbox id="" label="경찰의 사건 불송치에 대해 당사자가 이의를 신청할 수 있습니다." style="" class="sv_desc" tagname="p"></w2:textbox>
							<xf:group class="btn_area">
								<xf:trigger type="button" id="" style="" class="btn_base gray">
									<xf:label><![CDATA[안내]]></xf:label>
								</xf:trigger>
								<xf:trigger type="button" id="" style="" class="btn_base ico_r">
									<xf:label><![CDATA[신청]]></xf:label>
								</xf:trigger>
							</xf:group>
						</xf:group>
					</xf:group>
				</xf:group>
				<!-- //민원 서비스 -->
		   	</xf:group>
	   	</xf:group>
    </body>
</html>
