<?xml version="1.0" encoding="UTF-8"?>
<?xml-stylesheet href="/cm/css/kics/pp.css" type="text/css"?>
<?xml-stylesheet href="/cm/css/kics/common.css" type="text/css"?>
<html xmlns="http://www.w3.org/1999/xhtml"
    xmlns:ev="http://www.w3.org/2001/xml-events"
    xmlns:w2="http://www.inswave.com/websquare" xmlns:xf="http://www.w3.org/2002/xforms">
    <head>
        <w2:type>COMPONENT</w2:type>
        <w2:buildDate/>
        <w2:MSA/>
        <xf:model>
            <w2:dataCollection baseNode="map"/>
            <w2:workflowCollection/>
        </xf:model>
        <w2:layoutInfo/>
        <w2:publicInfo method=""/>
        <script lazy="false" type="text/javascript"><![CDATA[
scwin.onpageload = function() {
	scwin.anchor1_onclick = function() {
        var ops = {
            className:"pop",
            popupName:"질문등록",
            type:"wframePopup",
            "modal" : true
        };
        $p.openPopup(url, ops)
    }
};
]]></script>
    </head>
    <body ev:onpageload="scwin.onpageload">
    	<xf:group class="sub_contents">
    		<xf:group class="step_menu">
    			<xf:group tagname="ul">
    				<w2:textbox id="" class="f_blue" label="민원작성'내용입력'" tagname="li"></w2:textbox>
    				<w2:textbox id="" class="" label="전자서명" tagname="li"></w2:textbox>
    				<w2:textbox id="" class="" label="제출완료" tagname="li"></w2:textbox>
    			</xf:group>
    		</xf:group>
    		<xf:group class="btn_area pos_top">
				<xf:trigger type="button" id="" style="" class="btn_base_lg white" title="민원안내 보기">
					<xf:label><![CDATA[민원안내 보기]]></xf:label>
				</xf:trigger>
				<xf:trigger type="button" id="" style="" class="btn_base_lg white ico_r down" title="서식 다운로드 하기">
					<xf:label><![CDATA[서식 다운로드]]></xf:label>
				</xf:trigger>
				<xf:trigger type="button" id="" style="" class="btn_base_lg white" title="관할기간 찾기">
					<xf:label><![CDATA[관할기간 찾기]]></xf:label>
				</xf:trigger>
			</xf:group>
    		<xf:group class="section" tagname="section">
    			<xf:group class="title_area">
    				<w2:textbox id="" class="small" label="사건정보" tagname="h3"></w2:textbox>
    				<xf:trigger type="button" id="" style="" class="btn_base white ico_r reset" title="초기화">
    					<xf:label><![CDATA[초기화]]></xf:label>
    				</xf:trigger>
    			</xf:group>
				<xf:group tagname="table" id="" class="w2tb tb_base" adaptive="layout" adaptiveThreshold="1000">
   					<w2:attributes>
   						<w2:summary></w2:summary>
   					</w2:attributes>
   					<xf:group tagname="caption"></xf:group>
   					<xf:group tagname="colgroup">
   						<xf:group tagname="col" style="width:220px;"></xf:group>
   						<xf:group tagname="col" style=""></xf:group>
   					</xf:group>
   					<xf:group tagname="tr" style="">
   						<xf:group tagname="th" style="" class="w2tb_th req">청구금액<w2:attributes>
   								<w2:scope>row</w2:scope>
   							</w2:attributes></xf:group>
   						<xf:group tagname="td" style="" class="w2tb_td">
   							<xf:select1 id="" selectedIndex="-1" appearance="full" style="" cols="" rows=""
   								ref="" renderType="radiogroup" class="radio">	
   								<xf:choices>
   									<xf:item>
   										<xf:label><![CDATA[직접수령]]></xf:label>
   										<xf:value><![CDATA[]]></xf:value>
   									</xf:item>
   									<xf:item>
   										<xf:label><![CDATA[우편환급]]></xf:label>
   										<xf:value><![CDATA[]]></xf:value>
   									</xf:item>
   									<xf:item>
   										<xf:label><![CDATA[무통장입금]]></xf:label>
   										<xf:value><![CDATA[]]></xf:value>
   									</xf:item>
   								</xf:choices>
   							</xf:select1>
   						</xf:group>
   					</xf:group>
   					<xf:group tagname="tr">
   						<xf:group tagname="th" style="" class="w2tb_th req">청구금액<w2:attributes>
   								<w2:scope>row</w2:scope>
   							</w2:attributes></xf:group>
   						<xf:group tagname="td" style="" class="w2tb_td">
   							<xf:select selectedindex="-1" id="" appearance="full" style="" cols="" rows=""
   								ref="" renderType="checkboxgroup" class="check">
   								<xf:choices>
   									<xf:item>
   										<xf:label><![CDATA[직접수령]]></xf:label>
   										<xf:value><![CDATA[]]></xf:value>
   									</xf:item>
   									<xf:item>
   										<xf:label><![CDATA[우편환급]]></xf:label>
   										<xf:value><![CDATA[]]></xf:value>
   									</xf:item>
   								</xf:choices>
   							</xf:select>
   						</xf:group>
   					</xf:group>
   					<xf:group tagname="tr" style="">
   						<xf:group tagname="th" style="" class="w2tb_th">은행명<w2:attributes>
   								<w2:scope>row</w2:scope>
   							</w2:attributes></xf:group>
   						<xf:group tagname="td" style="" class="w2tb_td">
   							<xf:select1 id="" chooseOption="" style="" submenuSize="auto" allOption=""
   								disabled="false" direction="auto" appearance="minimal" disabledClass="w2selectbox_disabled" ref="" class="w200" renderType="native">
   								<xf:choices>
   									<xf:item>
   										<xf:label><![CDATA[선택]]></xf:label>
   										<xf:value><![CDATA[]]></xf:value>
   									</xf:item>
   									<xf:item>
   										<xf:label><![CDATA[옵션1]]></xf:label>
   										<xf:value><![CDATA[]]></xf:value>
   									</xf:item>
   									<xf:item>
   										<xf:label><![CDATA[옵션2]]></xf:label>
   										<xf:value><![CDATA[]]></xf:value>
   									</xf:item>
   								</xf:choices>
   							</xf:select1>
   						</xf:group>
   					</xf:group>
   					<xf:group tagname="tr" style="">
   						<xf:group tagname="th" style="" class="w2tb_th">사건번호<w2:attributes>
   								<w2:scope>row</w2:scope>
   							</w2:attributes></xf:group>
   						<xf:group tagname="td" style="" class="w2tb_td">
   							<xf:group class="flex" style="">
   								<xf:select1 id="" chooseOption="" style="" submenuSize="auto" allOption="" disabled="false"
   									direction="auto" appearance="minimal" disabledClass="w2selectbox_disabled" ref="" class="year" renderType="native">
   									<xf:choices>
   										<xf:item>
   											<xf:label><![CDATA[2023]]></xf:label>
   											<xf:value><![CDATA[]]></xf:value>
   										</xf:item>
   										<xf:item>
   											<xf:label><![CDATA[옵션1]]></xf:label>
   											<xf:value><![CDATA[]]></xf:value>
   										</xf:item>
   										<xf:item>
   											<xf:label><![CDATA[옵션2]]></xf:label>
   											<xf:value><![CDATA[]]></xf:value>
   										</xf:item>
   									</xf:choices>
   								</xf:select1>
   								<xf:select1 id="" chooseOption="" style="" submenuSize="auto" allOption="" disabled="false"
   									direction="auto" appearance="minimal" disabledClass="w2selectbox_disabled" ref="" class="w100" renderType="native">
   									<xf:choices>
   										<xf:item>
   											<xf:label><![CDATA[선택]]></xf:label>
   											<xf:value><![CDATA[]]></xf:value>
   										</xf:item>
   										<xf:item>
   											<xf:label><![CDATA[옵션1]]></xf:label>
   											<xf:value><![CDATA[]]></xf:value>
   										</xf:item>
   										<xf:item>
   											<xf:label><![CDATA[옵션2]]></xf:label>
   											<xf:value><![CDATA[]]></xf:value>
   										</xf:item>
   									</xf:choices>
   								</xf:select1>
   								<xf:input adjustMaxLength="false" id="" style="" class="w200" placeholer="사건번호 입력" title="사건번호 입력하세요."></xf:input>
   							</xf:group>
   							
   						</xf:group>
   					</xf:group>
   					<xf:group tagname="tr" style="">
   						<xf:group tagname="th" style="" class="w2tb_th">납입일<w2:attributes>
   								<w2:scope>row</w2:scope>
   							</w2:attributes></xf:group>
   						<xf:group tagname="td" style="" class="w2tb_td">
   							<w2:inputCalendar footerDiv="false" id="" renderDiv="true"
   								focusOnDateSelect="false" calendarValueType="yearMonthDate" rightAlign="false" class="calender" renderType="native" keepFocusSelect="true" title="선고 날짜 선택해 주세요" caption="달력" summary="">
   							</w2:inputCalendar>
   						</xf:group>
   					</xf:group>
   				<xf:group tagname="tr" style=""><xf:group tagname="th" class="w2tb_th">방문희망&amp;nbsp;일시<w2:attributes><w2:scope>row</w2:scope></w2:attributes></xf:group>
   					<xf:group tagname="td" class="w2tb_td">
   						<w2:attributes></w2:attributes>
   						<xf:group class="flex">
   							<w2:inputCalendar calendarValueType="yearMonthDate" class="calender" focusOnDateSelect="false" footerDiv="false" id="" keepFocusSelect="true" renderDiv="true" renderType="native" rightAlign="false" title="방문희망 날짜를 선택해 주세요" caption="달력"  summary="달력:원하는 날짜를 선택하세요." style="">
   							</w2:inputCalendar>
   							<xf:select1 id="" chooseOption="" style="" submenuSize="auto" allOption="" disabled="false" direction="auto"
   								appearance="minimal" disabledClass="w2selectbox_disabled" ref="" class="w100" renderType="native">
   								<xf:choices>
   									<xf:item>
   										<xf:label><![CDATA[시]]></xf:label>
   										<xf:value><![CDATA[]]></xf:value>
   									</xf:item>
   									<xf:item>
   										<xf:label><![CDATA[옵션1]]></xf:label>
   										<xf:value><![CDATA[]]></xf:value>
   									</xf:item>
   									<xf:item>
   										<xf:label><![CDATA[옵션2]]></xf:label>
   										<xf:value><![CDATA[]]></xf:value>
   									</xf:item>
   								</xf:choices>
   							</xf:select1>
   							<xf:select1 id="" chooseOption="" style="" submenuSize="auto" allOption="" disabled="false" direction="auto"
   								appearance="minimal" disabledClass="w2selectbox_disabled" ref="" class="w100" renderType="native">
   								<xf:choices>
   									<xf:item>
   										<xf:label><![CDATA[분]]></xf:label>
   										<xf:value><![CDATA[]]></xf:value>
   									</xf:item>
   									<xf:item>
   										<xf:label><![CDATA[옵션1]]></xf:label>
   										<xf:value><![CDATA[]]></xf:value>
   									</xf:item>
   									<xf:item>
   										<xf:label><![CDATA[옵션2]]></xf:label>
   										<xf:value><![CDATA[]]></xf:value>
   									</xf:item>
   								</xf:choices>
   							</xf:select1>
   							<w2:span label="방문가능시간:평일09~18시" style="" id="" class="ico_i"></w2:span>
   						</xf:group>
   					</xf:group></xf:group></xf:group>
   				<xf:group tagname="table" id="" class="w2tb tb_base" style="margin-top:20px;" adaptive="layout" adaptiveThreshold="1000">
   					<w2:attributes>
   						<w2:summary></w2:summary>
   					</w2:attributes>
   					<xf:group tagname="caption"></xf:group>
   					<xf:group tagname="colgroup">
   						<xf:group tagname="col" style="width:220px;"></xf:group>
   						<xf:group tagname="col" style=""></xf:group>
   						<xf:group tagname="col" style="width:220px;"></xf:group>
   						<xf:group tagname="col" style=""></xf:group>
   					</xf:group>
   					<xf:group tagname="tr" style="">
   						<xf:group tagname="th" style="" class="w2tb_th req">청구금액<w2:attributes>
   								<w2:scope>row</w2:scope>
   							</w2:attributes></xf:group>
   						<xf:group tagname="td" style="" class="w2tb_td">
   							<xf:select1 id="" selectedIndex="-1" appearance="full" style="" cols="" rows=""
   								ref="" renderType="radiogroup" class="radio">	
   								<xf:choices>
   									<xf:item>
   										<xf:label><![CDATA[직접수령]]></xf:label>
   										<xf:value><![CDATA[]]></xf:value>
   									</xf:item>
   									<xf:item>
   										<xf:label><![CDATA[우편환급]]></xf:label>
   										<xf:value><![CDATA[]]></xf:value>
   									</xf:item>
   									<xf:item>
   										<xf:label><![CDATA[무통장입금]]></xf:label>
   										<xf:value><![CDATA[]]></xf:value>
   									</xf:item>
   								</xf:choices>
   							</xf:select1>
   						</xf:group>
   						<xf:group tagname="th" style="" class="w2tb_th req">청구금액<w2:attributes>
   								<w2:scope>row</w2:scope>
   							</w2:attributes></xf:group>
   						<xf:group tagname="td" style="" class="w2tb_td">
   							<xf:select selectedindex="-1" id="" appearance="full" style="" cols="" rows=""
   								ref="" renderType="checkboxgroup" class="check">
   								<xf:choices>
   									<xf:item>
   										<xf:label><![CDATA[직접수령]]></xf:label>
   										<xf:value><![CDATA[]]></xf:value>
   									</xf:item>
   									<xf:item>
   										<xf:label><![CDATA[우편환급]]></xf:label>
   										<xf:value><![CDATA[]]></xf:value>
   									</xf:item>
   								</xf:choices>
   							</xf:select>
   						</xf:group>
   					</xf:group>
   				</xf:group>
   				<xf:group class="btn_area right">
					<xf:trigger type="button" id="trigger1" style="" class="btn_base_lg white" title="민원안내 보기" ev:onclick="scwin.anchor1_onclick">
						<xf:label><![CDATA[민원안내 보기]]></xf:label>
					</xf:trigger>
				</xf:group>
    		</xf:group>
    		<xf:group class="section" tagname="section">
    			<xf:group class="table_list">
    			<xf:group tagname="table" style="width:100%;" id="" class="w2tb">
    				<w2:attributes>
    					<w2:summary></w2:summary>
    				</w2:attributes>
    				<xf:group tagname="caption"></xf:group>
    				<xf:group tagname="colgroup">
    					<xf:group tagname="col" style="width:100px;"></xf:group>
    					<xf:group tagname="col" style="width:200px;"></xf:group>
    					<xf:group tagname="col" style=""></xf:group>
    					<xf:group tagname="col" style="width:150px"></xf:group>
    				</xf:group>
    				<xf:group tagname="tr" style="">
    					<xf:group tagname="th" style="" class="w2tb_th">번호<w2:attributes>
    							<w2:scope>col</w2:scope>
    						</w2:attributes></xf:group>
    					<xf:group tagname="th" style="" class="w2tb_th">민원&amp;nbsp;신청인<w2:attributes>
    							<w2:scope>col</w2:scope>
    						</w2:attributes></xf:group>
    					<xf:group tagname="th" style="" class="w2tb_th">필수&amp;nbsp;첨부&amp;nbsp;서류&amp;nbsp;유무<w2:attributes>
    							<w2:scope>col</w2:scope>
    						</w2:attributes></xf:group>
    					<xf:group tagname="th" style="" class="w2tb_th">필수첨부서류명<w2:attributes>
    							<w2:scope>col</w2:scope>
    						</w2:attributes></xf:group>
    				</xf:group>
    				<xf:group tagname="tr">
    					<xf:group tagname="td" style="" class="w2tb_td">1</xf:group>
    					<xf:group tagname="td" style="" class="w2tb_td">
    						<xf:select1 id="" chooseOption="" style="" submenuSize="auto" allOption=""
   								disabled="false" direction="auto" appearance="minimal" disabledClass="w2selectbox_disabled" ref="" class="" renderType="native">
   								<xf:choices>
   									<xf:item>
   										<xf:label><![CDATA[선택]]></xf:label>
   										<xf:value><![CDATA[]]></xf:value>
   									</xf:item>
   									<xf:item>
   										<xf:label><![CDATA[옵션1]]></xf:label>
   										<xf:value><![CDATA[]]></xf:value>
   									</xf:item>
   									<xf:item>
   										<xf:label><![CDATA[옵션2]]></xf:label>
   										<xf:value><![CDATA[]]></xf:value>
   									</xf:item>
   								</xf:choices>
   							</xf:select1>
    					</xf:group>
    					<xf:group tagname="td" style="" class="w2tb_td">내용</xf:group>
    					<xf:group tagname="td" style="" class="w2tb_td">내용</xf:group>
    				</xf:group>
    			</xf:group>
    			</xf:group>
    		</xf:group>
    	</xf:group>
    	
    </body>
</html>
